"249190560",JAB£ONKA,"2026","01","01",0.2,,-6.9,,-2.9,,,"8",0.0,,W,7,
"249190560",JAB£ONKA,"2026","01","02",-0.8,,-2.5,,-1.7,,,"8",2.6,,S,5,
"249190560",JAB£ONKA,"2026","01","03",-0.9,,-5.2,,-3.4,,,"8",1.2,,S,8,
"249190560",JAB£ONKA,"2026","01","04",-1.9,,-6.5,,-5.0,,,"8",,"9",,9,
"249190560",JAB£ONKA,"2026","01","05",-6.1,,-18.7,,-12.6,,,"8",0.3,,S,8,
"249190560",JAB£ONKA,"2026","01","06",-3.6,,-8.6,,-6.2,,,"8",4.3,,S,8,
"249190560",JAB£ONKA,"2026","01","07",-5.0,,-8.2,,-7.0,,,"8",2.6,,S,15,
"249190560",JAB£ONKA,"2026","01","08",-5.4,,-9.3,,-7.8,,,"8",1.6,,S,20,
"249190560",JAB£ONKA,"2026","01","09",-8.5,,-22.7,,-15.7,,,"8",,"9",,21,
"249190560",JAB£ONKA,"2026","01","10",-5.8,,-16.5,,-11.9,,,"8",1.5,,S,17,
"249190560",JAB£ONKA,"2026","01","11",-5.2,,-16.3,,-8.8,,,"8",3.4,,S,18,
"249190560",JAB£ONKA,"2026","01","12",-4.2,,-16.6,,-11.0,,,"8",2.5,,S,23,
"249190560",JAB£ONKA,"2026","01","13",-1.8,,-17.2,,-7.8,,,"8",2.7,,S,25,
"249190560",JAB£ONKA,"2026","01","14",2.1,,-2.1,,-0.2,,,"8",0.7,,W,26,
"249190560",JAB£ONKA,"2026","01","15",3.1,,-0.8,,0.6,,,"8",2.0,,W,19,
"249190560",JAB£ONKA,"2026","01","16",2.4,,0.3,,1.1,,,"8",,"9",,16,
"249190560",JAB£ONKA,"2026","01","17",1.6,,-2.3,,-0.6,,,"8",,"9",,14,
"249190560",JAB£ONKA,"2026","01","18",-1.9,,-8.5,,-5.7,,,"8",,"9",,14,
"249190560",JAB£ONKA,"2026","01","19",-2.8,,-14.7,,-10.6,,,"8",,"9",,14,
"249190560",JAB£ONKA,"2026","01","20",-3.5,,-16.3,,-11.2,,,"8",,"9",,14,
"249190560",JAB£ONKA,"2026","01","21",-0.7,,-16.0,,-10.4,,,"8",,"9",,14,
"249190560",JAB£ONKA,"2026","01","22",-2.1,,-12.5,,-7.4,,,"8",,"9",,14,
"249190560",JAB£ONKA,"2026","01","23",1.6,,-3.9,,-1.4,,,"8",0.0,,W,14,
"249190560",JAB£ONKA,"2026","01","24",2.1,,-1.1,,0.2,,,"8",0.0,,W,13,
"249190560",JAB£ONKA,"2026","01","25",4.5,,-1.3,,1.3,,,"8",0.1,,W,12,
"249190560",JAB£ONKA,"2026","01","26",5.1,,0.5,,2.2,,,"8",,"9",,11,
"249190560",JAB£ONKA,"2026","01","27",3.5,,-4.0,,-1.5,,,"8",,"9",,10,
"249190560",JAB£ONKA,"2026","01","28",2.2,,-7.0,,-2.6,,,"8",0.6,,S,10,
"249190560",JAB£ONKA,"2026","01","29",1.0,,-2.5,,-1.2,,,"8",0.4,,S,11,
"249190560",JAB£ONKA,"2026","01","30",-1.5,,-2.5,,-2.0,,,"8",0.3,,S,10,
"249190560",JAB£ONKA,"2026","01","31",-1.6,,-7.9,,-5.2,,,"8",,"9",,11,
"249190670",POLANA CHOCHO£OWSKA,"2026","01","01",-0.1,,-10.6,,-4.0,,,"8",0.6,,W,38,
"249190670",POLANA CHOCHO£OWSKA,"2026","01","02",-0.1,,-6.3,,-3.6,,,"8",1.2,,S,30,
"249190670",POLANA CHOCHO£OWSKA,"2026","01","03",-5.1,,-7.5,,-6.3,,,"8",0.7,,W,29,
"249190670",POLANA CHOCHO£OWSKA,"2026","01","04",-4.6,,-10.0,,-7.7,,,"8",,"9",,29,
"249190670",POLANA CHOCHO£OWSKA,"2026","01","05",-1.7,,-13.7,,-8.2,,,"8",1.7,,S,25,
"249190670",POLANA CHOCHO£OWSKA,"2026","01","06",-4.9,,-10.3,,-8.2,,,"8",12.6,,S,24,
"249190670",POLANA CHOCHO£OWSKA,"2026","01","07",-8.4,,-12.2,,-10.9,,,"8",2.4,,S,38,
"249190670",POLANA CHOCHO£OWSKA,"2026","01","08",-8.9,,-12.9,,-11.3,,,"8",2.0,,S,39,
"249190670",POLANA CHOCHO£OWSKA,"2026","01","09",-4.3,,-16.7,,-11.1,,,"8",0.1,,S,40,
"249190670",POLANA CHOCHO£OWSKA,"2026","01","10",-5.9,,-16.1,,-11.1,,,"8",1.9,,S,32,
"249190670",POLANA CHOCHO£OWSKA,"2026","01","11",-9.3,,-16.0,,-11.5,,,"8",8.6,,S,40,
"249190670",POLANA CHOCHO£OWSKA,"2026","01","12",-6.1,,-13.4,,-10.5,,,"8",1.7,,S,64,
"249190670",POLANA CHOCHO£OWSKA,"2026","01","13",0.7,,-11.9,,-4.6,,,"8",3.8,,S,58,
"249190670",POLANA CHOCHO£OWSKA,"2026","01","14",4.1,,-6.4,,-0.5,,,"8",4.6,,W,61,
"249190670",POLANA CHOCHO£OWSKA,"2026","01","15",3.7,,-1.2,,1.3,,,"8",3.2,,W,45,
"249190670",POLANA CHOCHO£OWSKA,"2026","01","16",5.6,,-2.5,,0.9,,,"8",,"9",,37,
"249190670",POLANA CHOCHO£OWSKA,"2026","01","17",5.2,,-4.8,,-1.3,,,"8",,"9",,35,
"249190670",POLANA CHOCHO£OWSKA,"2026","01","18",7.8,,-5.4,,-0.9,,,"8",,"9",,32,
"249190670",POLANA CHOCHO£OWSKA,"2026","01","19",3.5,,-5.6,,-1.7,,,"8",,"9",,30,
"249190670",POLANA CHOCHO£OWSKA,"2026","01","20",4.1,,-2.7,,0.0,,,"8",,"9",,28,
"249190670",POLANA CHOCHO£OWSKA,"2026","01","21",3.4,,-4.6,,0.7,,,"8",,"9",,28,
"249190670",POLANA CHOCHO£OWSKA,"2026","01","22",1.8,,-2.9,,-0.6,,,"8",0.3,,S,27,
"249190670",POLANA CHOCHO£OWSKA,"2026","01","23",3.7,,-3.0,,-0.3,,,"8",0.2,,S,28,
"249190670",POLANA CHOCHO£OWSKA,"2026","01","24",3.9,,-2.7,,1.2,,,"8",0.5,,S,27,
"249190670",POLANA CHOCHO£OWSKA,"2026","01","25",5.5,,1.7,,3.9,,,"8",1.9,,W,25,
"249190670",POLANA CHOCHO£OWSKA,"2026","01","26",5.6,,0.5,,2.9,,,"8",0.8,,W,17,
"249190670",POLANA CHOCHO£OWSKA,"2026","01","27",2.0,,-5.2,,-2.1,,,"8",,"9",,14,
"249190670",POLANA CHOCHO£OWSKA,"2026","01","28",2.6,,-2.8,,-0.1,,,"8",0.8,,S,9,
"249190670",POLANA CHOCHO£OWSKA,"2026","01","29",-0.7,,-3.7,,-2.2,,,"8",0.6,,S,10,
"249190670",POLANA CHOCHO£OWSKA,"2026","01","30",-2.4,,-5.9,,-4.3,,,"8",,"9",,10,
"249190670",POLANA CHOCHO£OWSKA,"2026","01","31",-3.6,,-8.6,,-6.3,,,"8",,"9",,10,
"249200020",£AZY,"2026","01","01",4.2,,-3.5,,0.5,,,"8",0.0,,W,1,
"249200020",£AZY,"2026","01","02",3.2,,-0.2,,1.6,,,"8",0.0,,W,0,
"249200020",£AZY,"2026","01","03",2.2,,-1.5,,0.1,,,"8",0.0,,W,0,
"249200020",£AZY,"2026","01","04",2.0,,-5.4,,-1.9,,,"8",,"9",,,"9"
"249200020",£AZY,"2026","01","05",-1.0,,-5.8,,-3.6,,,"8",,"9",,,"9"
"249200020",£AZY,"2026","01","06",-2.4,,-4.2,,-3.2,,,"8",7.3,,S,,"9"
"249200020",£AZY,"2026","01","07",-3.1,,-6.4,,-5.1,,,"8",2.8,,S,8,
"249200020",£AZY,"2026","01","08",-4.9,,-7.1,,-5.9,,,"8",1.7,,S,12,
"249200020",£AZY,"2026","01","09",-4.6,,-11.3,,-8.7,,,"8",0.0,,W,15,
"249200020",£AZY,"2026","01","10",-9.8,,-16.5,,-12.2,,,"8",0.0,,W,14,
"249200020",£AZY,"2026","01","11",-3.2,,-11.0,,-5.7,,,"8",0.3,,S,15,
"249200020",£AZY,"2026","01","12",-3.8,,-10.6,,-7.4,,,"8",0.0,,W,17,
"249200020",£AZY,"2026","01","13",-3.3,,-12.9,,-6.8,,,"8",3.2,,S,17,
"249200020",£AZY,"2026","01","14",1.2,,-5.3,,-2.0,,,"8",0.9,,W,20,
"249200020",£AZY,"2026","01","15",4.2,,-2.4,,1.1,,,"8",,"9",,16,
"249200020",£AZY,"2026","01","16",5.7,,-2.9,,0.2,,,"8",,"9",,10,
"249200020",£AZY,"2026","01","17",-1.7,,-7.2,,-5.1,,,"8",,"9",,10,
"249200020",£AZY,"2026","01","18",-5.1,,-16.8,,-12.6,,,"8",,"9",,9,
"249200020",£AZY,"2026","01","19",-6.9,,-18.6,,-13.8,,,"8",,"9",,9,
"249200020",£AZY,"2026","01","20",1.0,,-16.5,,-8.9,,,"8",,"9",,8,
"249200020",£AZY,"2026","01","21",0.2,,-14.7,,-9.1,,,"8",,"9",,8,
"249200020",£AZY,"2026","01","22",-4.6,,-14.1,,-8.8,,,"8",,"9",,8,
"249200020",£AZY,"2026","01","23",-3.1,,-8.5,,-5.6,,,"8",,"9",,8,
"249200020",£AZY,"2026","01","24",0.0,,-5.2,,-2.4,,,"8",0.3,,S,8,
"249200020",£AZY,"2026","01","25",3.5,,-2.5,,0.7,,,"8",0.6,,W,9,
"249200020",£AZY,"2026","01","26",5.9,,0.8,,2.8,,,"8",0.0,,W,7,
"249200020",£AZY,"2026","01","27",4.3,,-3.5,,-0.8,,,"8",,"9",,5,
"249200020",£AZY,"2026","01","28",1.8,,-4.9,,-1.8,,,"8",0.0,,W,5,
"249200020",£AZY,"2026","01","29",0.7,,-1.5,,-0.5,,,"8",0.6,,S,4,
"249200020",£AZY,"2026","01","30",0.1,,-1.7,,-0.9,,,"8",0.2,,W,5,
"249200020",£AZY,"2026","01","31",-1.2,,-9.2,,-6.4,,,"8",,"9",,4,
"249200130",JASTRZÊBIA,"2026","01","01",2.1,,-5.1,,-1.3,,,"8",,"9",,2,
"249200130",JASTRZÊBIA,"2026","01","02",3.8,,-2.4,,1.2,,,"8",,"9",,2,
"249200130",JASTRZÊBIA,"2026","01","03",1.8,,-5.4,,-2.5,,,"8",0.6,,S,1,
"249200130",JASTRZÊBIA,"2026","01","04",2.8,,-9.1,,-4.9,,,"8",,"9",,2,
"249200130",JASTRZÊBIA,"2026","01","05",-0.6,,-11.8,,-6.4,,,"8",,"9",,2,
"249200130",JASTRZÊBIA,"2026","01","06",-0.8,,-4.0,,-2.9,,,"8",9.2,,S,2,
"249200130",JASTRZÊBIA,"2026","01","07",-1.8,,-5.5,,-4.4,,,"8",5.3,,S,15,
"249200130",JASTRZÊBIA,"2026","01","08",-5.2,,-6.8,,-6.1,,,"8",4.5,,S,24,
"249200130",JASTRZÊBIA,"2026","01","09",-2.4,,-14.6,,-10.2,,,"8",,"9",,25,
"249200130",JASTRZÊBIA,"2026","01","10",-9.8,,-18.4,,-12.5,,,"8",2.0,,S,24,
"249200130",JASTRZÊBIA,"2026","01","11",-2.6,,-10.2,,-5.5,,,"8",7.6,,S,26,
"249200130",JASTRZÊBIA,"2026","01","12",-3.5,,-14.4,,-9.3,,,"8",0.9,,S,33,
"249200130",JASTRZÊBIA,"2026","01","13",-4.4,,-18.1,,-8.9,,,"8",3.0,,S,32,
"249200130",JASTRZÊBIA,"2026","01","14",-1.4,,-6.2,,-3.8,,,"8",,"9",,30,
"249200130",JASTRZÊBIA,"2026","01","15",3.2,,-2.0,,0.2,,,"8",0.4,,W,25,
"249200130",JASTRZÊBIA,"2026","01","16",5.6,,-1.8,,0.8,,,"8",,"9",,22,
"249200130",JASTRZÊBIA,"2026","01","17",5.2,,-5.1,,-1.6,,,"8",,"9",,20,
"249200130",JASTRZÊBIA,"2026","01","18",-2.4,,-16.0,,-11.8,,,"8",,"9",,20,
"249200130",JASTRZÊBIA,"2026","01","19",2.1,,-18.8,,-10.8,,,"8",,"9",,19,
"249200130",JASTRZÊBIA,"2026","01","20",0.8,,-16.0,,-8.7,,,"8",,"9",,17,
"249200130",JASTRZÊBIA,"2026","01","21",4.8,,-15.8,,-8.8,,,"8",,"9",,16,
"249200130",JASTRZÊBIA,"2026","01","22",2.8,,-12.6,,-3.7,,,"8",0.1,,S,16,
"249200130",JASTRZÊBIA,"2026","01","23",-0.6,,-7.0,,-4.0,,,"8",0.2,,S,16,
"249200130",JASTRZÊBIA,"2026","01","24",3.4,,-4.5,,-0.8,,,"8",,"9",,15,
"249200130",JASTRZÊBIA,"2026","01","25",6.8,,-2.2,,1.8,,,"8",1.2,,W,15,
"249200130",JASTRZÊBIA,"2026","01","26",8.6,,0.2,,3.6,,,"8",0.5,,W,13,
"249200130",JASTRZÊBIA,"2026","01","27",4.2,,-2.9,,-0.3,,,"8",,"9",,11,
"249200130",JASTRZÊBIA,"2026","01","28",3.9,,-7.4,,-2.6,,,"8",0.4,,W,11,
"249200130",JASTRZÊBIA,"2026","01","29",1.0,,-0.6,,0.1,,,"8",,"9",,10,
"249200130",JASTRZÊBIA,"2026","01","30",0.8,,-1.1,,-0.4,,,"8",0.1,,W,10,
"249200130",JASTRZÊBIA,"2026","01","31",-0.6,,-9.2,,-6.0,,,"8",,"9",,10,
"249200180",LIMANOWA,"2026","01","01",3.5,,-5.2,,-0.5,,-5.2,,,"9",,3,
"249200180",LIMANOWA,"2026","01","02",3.1,,-0.9,,0.5,,-1.2,,0.0,,W,2,
"249200180",LIMANOWA,"2026","01","03",0.2,,-3.1,,-1.9,,-8.2,,0.4,,S,0,
"249200180",LIMANOWA,"2026","01","04",0.4,,-4.8,,-2.9,,-6.2,,,"9",,4,
"249200180",LIMANOWA,"2026","01","05",-2.4,,-8.0,,-5.6,,-9.8,,,"9",,3,
"249200180",LIMANOWA,"2026","01","06",-3.1,,-5.5,,-4.7,,-5.2,,10.0,,S,3,
"249200180",LIMANOWA,"2026","01","07",-4.5,,-7.5,,-6.6,,-7.6,,2.2,,S,13,
"249200180",LIMANOWA,"2026","01","08",-6.4,,-8.6,,-7.6,,-9.0,,1.3,,S,17,
"249200180",LIMANOWA,"2026","01","09",-2.5,,-11.6,,-8.4,,-11.7,,,"9",,17,
"249200180",LIMANOWA,"2026","01","10",-7.8,,-15.3,,-12.7,,-15.4,,0.3,,S,16,
"249200180",LIMANOWA,"2026","01","11",-4.9,,-13.6,,-7.8,,-13.7,,5.5,,S,15,
"249200180",LIMANOWA,"2026","01","12",-4.9,,-9.5,,-7.5,,-10.2,,1.3,,S,20,
"249200180",LIMANOWA,"2026","01","13",-4.6,,-10.5,,-7.2,,-10.6,,4.1,,S,21,
"249200180",LIMANOWA,"2026","01","14",-1.2,,-6.4,,-3.8,,-6.2,,2.0,,W,23,
"249200180",LIMANOWA,"2026","01","15",3.7,,-1.6,,1.0,,-1.7,,0.5,,W,17,
"249200180",LIMANOWA,"2026","01","16",3.9,,0.6,,1.7,,-0.3,,,"9",,15,
"249200180",LIMANOWA,"2026","01","17",3.8,,-1.4,,0.3,,-1.5,,,"9",,14,
"249200180",LIMANOWA,"2026","01","18",2.7,,-4.2,,-1.6,,-5.2,,,"9",,13,
"249200180",LIMANOWA,"2026","01","19",0.7,,-5.7,,-3.4,,-6.2,,,"9",,13,
"249200180",LIMANOWA,"2026","01","20",0.6,,-8.6,,-4.6,,-8.6,,,"9",,13,
"249200180",LIMANOWA,"2026","01","21",4.7,,-4.8,,-1.2,,-7.4,,,"9",,13,
"249200180",LIMANOWA,"2026","01","22",1.9,,-3.4,,-1.1,,-6.2,,,"9",,13,
"249200180",LIMANOWA,"2026","01","23",0.9,,-6.0,,-3.5,,-4.1,,,"9",,13,
"249200180",LIMANOWA,"2026","01","24",2.1,,-4.9,,-1.1,,-4.8,,,"9",,13,
"249200180",LIMANOWA,"2026","01","25",5.6,,-0.6,,2.4,,-1.1,,0.0,,W,13,
"249200180",LIMANOWA,"2026","01","26",6.6,,3.1,,4.6,,0.5,,,"9",,11,
"249200180",LIMANOWA,"2026","01","27",5.4,,-0.6,,1.4,,-2.1,,,"9",,8,
"249200180",LIMANOWA,"2026","01","28",2.8,,-3.5,,-0.8,,-4.0,,0.5,,S,8,
"249200180",LIMANOWA,"2026","01","29",0.8,,-2.5,,-1.4,,-2.5,,0.4,,S,8,
"249200180",LIMANOWA,"2026","01","30",-1.2,,-2.6,,-2.2,,-2.7,,0.5,,W,8,
"249200180",LIMANOWA,"2026","01","31",-1.9,,-9.9,,-7.0,,-10.0,,0.1,,W,8,
"249200260",£¥CKO,"2026","01","01",3.1,,-3.6,,0.2,,,"8",,"9",,3,
"249200260",£¥CKO,"2026","01","02",4.0,,-0.1,,1.5,,,"8",0.3,,S,1,
"249200260",£¥CKO,"2026","01","03",2.0,,-2.6,,-0.9,,,"8",,"9",,2,
"249200260",£¥CKO,"2026","01","04",1.2,,-5.5,,-2.4,,,"8",,"9",,2,
"249200260",£¥CKO,"2026","01","05",-1.8,,-11.7,,-7.1,,,"8",,"9",,2,
"249200260",£¥CKO,"2026","01","06",-1.0,,-4.7,,-3.4,,,"8",10.8,,S,,"9"
"249200260",£¥CKO,"2026","01","07",-2.9,,-6.3,,-5.1,,,"8",1.1,,S,15,
"249200260",£¥CKO,"2026","01","08",-4.4,,-7.1,,-5.8,,,"8",0.5,,S,18,
"249200260",£¥CKO,"2026","01","09",-3.4,,-13.7,,-9.4,,,"8",,"9",,16,
"249200260",£¥CKO,"2026","01","10",-7.5,,-16.3,,-13.0,,,"8",1.4,,S,13,
"249200260",£¥CKO,"2026","01","11",-3.2,,-16.2,,-7.3,,,"8",11.9,,S,20,
"249200260",£¥CKO,"2026","01","12",-3.4,,-13.3,,-8.7,,,"8",0.1,,S,38,
"249200260",£¥CKO,"2026","01","13",-4.6,,-15.1,,-8.3,,,"8",4.2,,S,30,
"249200260",£¥CKO,"2026","01","14",-0.6,,-7.7,,-4.3,,,"8",0.4,,S,26,
"249200260",£¥CKO,"2026","01","15",3.0,,-2.2,,0.6,,,"8",0.5,,S,25,
"249200260",£¥CKO,"2026","01","16",6.1,,-0.1,,2.2,,,"8",0.5,,S,18,
"249200260",£¥CKO,"2026","01","17",6.0,,-3.8,,-1.2,,,"8",,"9",,15,
"249200260",£¥CKO,"2026","01","18",2.6,,-12.2,,-7.2,,,"8",,"9",,15,
"249200260",£¥CKO,"2026","01","19",2.3,,-14.6,,-8.1,,,"8",,"9",,15,
"249200260",£¥CKO,"2026","01","20",2.5,,-12.2,,-6.8,,,"8",,"9",,15,
"249200260",£¥CKO,"2026","01","21",6.1,,-9.7,,-4.6,,,"8",,"9",,15,
"249200260",£¥CKO,"2026","01","22",2.6,,-10.7,,-4.3,,,"8",,"9",,14,
"249200260",£¥CKO,"2026","01","23",0.3,,-3.0,,-1.8,,,"8",,"9",,14,
"249200260",£¥CKO,"2026","01","24",4.6,,-4.7,,-0.2,,,"8",,"9",,14,
"249200260",£¥CKO,"2026","01","25",7.0,,-2.6,,1.3,,,"8",,"9",,13,
"249200260",£¥CKO,"2026","01","26",7.8,,0.8,,4.0,,,"8",,"9",,13,
"249200260",£¥CKO,"2026","01","27",7.1,,-2.1,,0.3,,,"8",,"9",,12,
"249200260",£¥CKO,"2026","01","28",3.6,,-6.7,,-2.1,,,"8",1.7,,S,12,
"249200260",£¥CKO,"2026","01","29",1.0,,-1.6,,-0.4,,,"8",0.2,,W,14,
"249200260",£¥CKO,"2026","01","30",0.1,,-1.6,,-0.8,,,"8",0.4,,S,13,
"249200260",£¥CKO,"2026","01","31",-0.4,,-8.7,,-5.6,,,"8",0.0,,W,13,
"249200370",KROŒCIENKO,"2026","01","01",2.0,,-5.1,,-2.7,,,"8",,"9",,6,
"249200370",KROŒCIENKO,"2026","01","02",2.3,,-4.0,,-0.9,,,"8",,"9",,3,
"249200370",KROŒCIENKO,"2026","01","03",0.2,,-6.0,,-3.5,,,"8",,"9",,3,
"249200370",KROŒCIENKO,"2026","01","04",-0.5,,-9.6,,-6.0,,,"8",,"9",,3,
"249200370",KROŒCIENKO,"2026","01","05",-2.0,,-13.6,,-8.3,,,"8",0.0,,W,3,
"249200370",KROŒCIENKO,"2026","01","06",-1.5,,-5.0,,-3.8,,,"8",10.0,,S,3,
"249200370",KROŒCIENKO,"2026","01","07",-4.0,,-5.8,,-5.3,,,"8",1.0,,S,19,
"249200370",KROŒCIENKO,"2026","01","08",-4.3,,-6.8,,-5.9,,,"8",1.0,,S,24,
"249200370",KROŒCIENKO,"2026","01","09",-5.8,,-14.3,,-11.1,,,"8",,"9",,27,
"249200370",KROŒCIENKO,"2026","01","10",-9.0,,-13.9,,-11.6,,,"8",1.2,,S,22,
"249200370",KROŒCIENKO,"2026","01","11",-4.2,,-14.0,,-7.4,,,"8",7.5,,S,26,
"249200370",KROŒCIENKO,"2026","01","12",-4.0,,-12.8,,-8.9,,,"8",0.5,,S,43,
"249200370",KROŒCIENKO,"2026","01","13",-4.9,,-14.0,,-7.9,,,"8",2.8,,S,38,
"249200370",KROŒCIENKO,"2026","01","14",-0.6,,-5.0,,-2.7,,,"8",0.1,,W,34,
"249200370",KROŒCIENKO,"2026","01","15",3.3,,-2.0,,0.6,,,"8",,"9",,30,
"249200370",KROŒCIENKO,"2026","01","16",4.9,,1.0,,2.2,,,"8",,"9",,23,
"249200370",KROŒCIENKO,"2026","01","17",6.0,,-1.8,,0.6,,,"8",,"9",,20,
"249200370",KROŒCIENKO,"2026","01","18",-0.5,,-9.6,,-6.6,,,"8",,"9",,18,
"249200370",KROŒCIENKO,"2026","01","19",1.1,,-12.2,,-7.5,,,"8",,"9",,18,
"249200370",KROŒCIENKO,"2026","01","20",-0.2,,-13.1,,-8.5,,,"8",,"9",,18,
"249200370",KROŒCIENKO,"2026","01","21",0.9,,-12.2,,-7.4,,,"8",,"9",,18,
"249200370",KROŒCIENKO,"2026","01","22",3.3,,-10.0,,-3.7,,,"8",,"9",,18,
"249200370",KROŒCIENKO,"2026","01","23",3.5,,-2.6,,-0.5,,,"8",,"9",,18,
"249200370",KROŒCIENKO,"2026","01","24",5.5,,-2.8,,1.2,,,"8",,"9",,17,
"249200370",KROŒCIENKO,"2026","01","25",6.5,,-0.6,,2.3,,,"8",0.1,,W,16,
"249200370",KROŒCIENKO,"2026","01","26",7.5,,2.0,,4.9,,,"8",,"9",,11,
"249200370",KROŒCIENKO,"2026","01","27",4.8,,-2.0,,-0.2,,,"8",,"9",,7,
"249200370",KROŒCIENKO,"2026","01","28",3.0,,-6.2,,-1.9,,,"8",1.3,,S,7,
"249200370",KROŒCIENKO,"2026","01","29",1.8,,-1.6,,-0.4,,,"8",0.1,,W,8,
"249200370",KROŒCIENKO,"2026","01","30",-0.4,,-1.6,,-1.1,,,"8",0.1,,W,8,
"249200370",KROŒCIENKO,"2026","01","31",-1.2,,-8.0,,-5.5,,,"8",0.0,,W,8,
"249200420",NIEDZICA,"2026","01","01",0.8,,-6.7,,-3.7,,,"8",0.0,,W,9,
"249200420",NIEDZICA,"2026","01","02",2.1,,-5.1,,-1.3,,,"8",,"9",,7,
"249200420",NIEDZICA,"2026","01","03",0.6,,-5.3,,-2.9,,,"8",,"9",,6,
"249200420",NIEDZICA,"2026","01","04",0.0,,-10.5,,-6.3,,,"8",,"9",,6,
"249200420",NIEDZICA,"2026","01","05",-5.3,,-15.0,,-10.2,,,"8",0.2,,S,6,
"249200420",NIEDZICA,"2026","01","06",-1.7,,-6.2,,-4.6,,,"8",10.2,,S,6,
"249200420",NIEDZICA,"2026","01","07",-4.5,,-7.0,,-6.2,,,"8",1.6,,S,20,
"249200420",NIEDZICA,"2026","01","08",-5.6,,-7.8,,-7.0,,,"8",0.6,,S,24,
"249200420",NIEDZICA,"2026","01","09",-6.8,,-16.8,,-12.3,,,"8",,"9",,23,
"249200420",NIEDZICA,"2026","01","10",-4.5,,-13.7,,-10.8,,,"8",0.9,,S,20,
"249200420",NIEDZICA,"2026","01","11",-4.3,,-14.0,,-8.0,,,"8",9.1,,S,22,
"249200420",NIEDZICA,"2026","01","12",-3.7,,-11.9,,-8.5,,,"8",0.5,,S,42,
"249200420",NIEDZICA,"2026","01","13",-6.1,,-16.1,,-10.0,,,"8",4.8,,S,36,
"249200420",NIEDZICA,"2026","01","14",-0.9,,-6.4,,-3.6,,,"8",0.4,,S,34,
"249200420",NIEDZICA,"2026","01","15",2.1,,-3.2,,-0.6,,,"8",,"9",,32,
"249200420",NIEDZICA,"2026","01","16",4.3,,-0.3,,1.4,,,"8",,"9",,25,
"249200420",NIEDZICA,"2026","01","17",5.1,,-2.0,,0.0,,,"8",,"9",,21,
"249200420",NIEDZICA,"2026","01","18",-1.5,,-12.0,,-8.5,,,"8",,"9",,19,
"249200420",NIEDZICA,"2026","01","19",-4.0,,-17.2,,-11.7,,,"8",,"9",,18,
"249200420",NIEDZICA,"2026","01","20",-2.1,,-16.8,,-10.9,,,"8",,"9",,18,
"249200420",NIEDZICA,"2026","01","21",-2.3,,-17.5,,-11.4,,,"8",,"9",,18,
"249200420",NIEDZICA,"2026","01","22",-2.4,,-12.3,,-7.3,,,"8",,"9",,18,
"249200420",NIEDZICA,"2026","01","23",4.3,,-3.7,,-0.5,,,"8",,"9",,17,
"249200420",NIEDZICA,"2026","01","24",4.8,,-2.1,,0.6,,,"8",,"9",,16,
"249200420",NIEDZICA,"2026","01","25",5.6,,-1.4,,1.9,,,"8",0.3,,W,16,
"249200420",NIEDZICA,"2026","01","26",6.3,,2.3,,4.1,,,"8",0.2,,W,10,
"249200420",NIEDZICA,"2026","01","27",4.8,,-1.9,,-0.1,,,"8",,"9",,8,
"249200420",NIEDZICA,"2026","01","28",1.4,,-7.7,,-3.3,,,"8",2.1,,S,7,
"249200420",NIEDZICA,"2026","01","29",0.2,,-2.5,,-1.3,,,"8",0.5,,S,13,
"249200420",NIEDZICA,"2026","01","30",-0.8,,-2.5,,-1.8,,,"8",0.3,,S,12,
"249200420",NIEDZICA,"2026","01","31",-1.5,,-8.5,,-5.9,,,"8",0.5,,S,13,
"249200480",BUKOWINA TATRZAÑSKA,"2026","01","01",1.9,,-7.8,,-2.2,,,"8",,"9",,20,
"249200480",BUKOWINA TATRZAÑSKA,"2026","01","02",2.4,,-2.6,,-1.0,,,"8",,"9",,15,
"249200480",BUKOWINA TATRZAÑSKA,"2026","01","03",-2.1,,-6.6,,-4.8,,,"8",,"9",,12,
"249200480",BUKOWINA TATRZAÑSKA,"2026","01","04",-3.6,,-8.1,,-6.0,,,"8",,"9",,10,
"249200480",BUKOWINA TATRZAÑSKA,"2026","01","05",-4.1,,-11.0,,-7.8,,,"8",0.7,,S,10,
"249200480",BUKOWINA TATRZAÑSKA,"2026","01","06",-6.2,,-8.0,,-7.4,,,"8",8.2,,S,10,
"249200480",BUKOWINA TATRZAÑSKA,"2026","01","07",-6.5,,-9.5,,-8.5,,,"8",2.1,,S,23,
"249200480",BUKOWINA TATRZAÑSKA,"2026","01","08",-7.4,,-10.5,,-9.4,,,"8",1.6,,S,27,
"249200480",BUKOWINA TATRZAÑSKA,"2026","01","09",-4.6,,-13.6,,-10.0,,,"8",,"9",,34,
"249200480",BUKOWINA TATRZAÑSKA,"2026","01","10",-6.7,,-15.4,,-11.1,,,"8",1.0,,S,32,
"249200480",BUKOWINA TATRZAÑSKA,"2026","01","11",-7.0,,-15.1,,-10.1,,,"8",6.9,,S,33,
"249200480",BUKOWINA TATRZAÑSKA,"2026","01","12",-7.2,,-10.5,,-9.3,,,"8",1.9,,S,60,
"249200480",BUKOWINA TATRZAÑSKA,"2026","01","13",-0.9,,-11.0,,-5.1,,,"8",3.9,,S,50,
"249200480",BUKOWINA TATRZAÑSKA,"2026","01","14",2.1,,-5.4,,-1.4,,,"8",1.2,,W,43,
"249200480",BUKOWINA TATRZAÑSKA,"2026","01","15",4.8,,0.7,,2.1,,,"8",0.4,,W,32,
"249200480",BUKOWINA TATRZAÑSKA,"2026","01","16",4.3,,-0.3,,1.4,,,"8",,"9",,23,
"249200480",BUKOWINA TATRZAÑSKA,"2026","01","17",4.2,,-3.4,,-0.8,,,"8",,"9",,21,
"249200480",BUKOWINA TATRZAÑSKA,"2026","01","18",5.0,,-5.5,,-1.8,,,"8",,"9",,20,
"249200480",BUKOWINA TATRZAÑSKA,"2026","01","19",0.6,,-6.0,,-3.8,,,"8",,"9",,20,
"249200480",BUKOWINA TATRZAÑSKA,"2026","01","20",0.9,,-8.8,,-5.4,,,"8",,"9",,20,
"249200480",BUKOWINA TATRZAÑSKA,"2026","01","21",2.4,,-7.6,,-3.8,,,"8",,"9",,20,
"249200480",BUKOWINA TATRZAÑSKA,"2026","01","22",0.1,,-4.7,,-2.4,,,"8",,"9",,20,
"249200480",BUKOWINA TATRZAÑSKA,"2026","01","23",3.0,,-2.3,,-0.2,,,"8",,"9",,20,
"249200480",BUKOWINA TATRZAÑSKA,"2026","01","24",2.9,,-3.0,,-0.6,,,"8",,"9",,19,
"249200480",BUKOWINA TATRZAÑSKA,"2026","01","25",3.9,,-2.2,,0.8,,,"8",0.9,,W,19,
"249200480",BUKOWINA TATRZAÑSKA,"2026","01","26",8.6,,1.4,,3.8,,,"8",0.5,,W,19,
"249200480",BUKOWINA TATRZAÑSKA,"2026","01","27",2.7,,-2.7,,-1.1,,,"8",,"9",,17,
"249200480",BUKOWINA TATRZAÑSKA,"2026","01","28",1.9,,-2.6,,-0.8,,,"8",1.4,,S,17,
"249200480",BUKOWINA TATRZAÑSKA,"2026","01","29",0.1,,-3.6,,-2.2,,,"8",0.6,,S,19,
"249200480",BUKOWINA TATRZAÑSKA,"2026","01","30",-2.7,,-4.5,,-3.7,,,"8",,"9",,20,
"249200480",BUKOWINA TATRZAÑSKA,"2026","01","31",-2.7,,-9.5,,-6.8,,,"8",0.3,,W,20,
"249200550",DOLINA PIÊCIU STAWÓW,"2026","01","01",-6.3,,-13.3,,-8.7,,,"8",0.6,,W,89,
"249200550",DOLINA PIÊCIU STAWÓW,"2026","01","02",-6.4,,-9.2,,-8.2,,,"8",5.2,,S,87,
"249200550",DOLINA PIÊCIU STAWÓW,"2026","01","03",-9.1,,-11.3,,-10.5,,,"8",0.7,,S,92,
"249200550",DOLINA PIÊCIU STAWÓW,"2026","01","04",-10.2,,-12.8,,-11.8,,,"8",,"9",,92,
"249200550",DOLINA PIÊCIU STAWÓW,"2026","01","05",-6.7,,-14.3,,-10.2,,,"8",2.5,,S,90,
"249200550",DOLINA PIÊCIU STAWÓW,"2026","01","06",-8.6,,-12.8,,-11.0,,,"8",15.0,,S,91,
"249200550",DOLINA PIÊCIU STAWÓW,"2026","01","07",-11.5,,-15.4,,-13.4,,,"8",0.8,,S,109,
"249200550",DOLINA PIÊCIU STAWÓW,"2026","01","08",-12.5,,-14.9,,-13.9,,,"8",1.9,,S,110,
"249200550",DOLINA PIÊCIU STAWÓW,"2026","01","09",-7.9,,-16.9,,-12.5,,,"8",,"9",,116,
"249200550",DOLINA PIÊCIU STAWÓW,"2026","01","10",-1.9,,-16.4,,-10.1,,,"8",1.5,,S,115,
"249200550",DOLINA PIÊCIU STAWÓW,"2026","01","11",-13.6,,-16.4,,-14.7,,,"8",8.4,,S,117,
"249200550",DOLINA PIÊCIU STAWÓW,"2026","01","12",-8.9,,-14.4,,-11.8,,,"8",0.9,,S,126,
"249200550",DOLINA PIÊCIU STAWÓW,"2026","01","13",-1.9,,-9.9,,-4.2,,,"8",3.3,,S,127,
"249200550",DOLINA PIÊCIU STAWÓW,"2026","01","14",3.0,,-2.8,,0.2,,,"8",5.1,,S,128,
"249200550",DOLINA PIÊCIU STAWÓW,"2026","01","15",1.1,,-6.1,,-2.4,,,"8",0.6,,S,129,
"249200550",DOLINA PIÊCIU STAWÓW,"2026","01","16",0.2,,-3.6,,-2.3,,,"8",,"9",,125,
"249200550",DOLINA PIÊCIU STAWÓW,"2026","01","17",-1.8,,-5.6,,-3.4,,,"8",,"9",,121,
"249200550",DOLINA PIÊCIU STAWÓW,"2026","01","18",2.0,,-4.1,,-1.7,,,"8",,"9",,118,
"249200550",DOLINA PIÊCIU STAWÓW,"2026","01","19",1.1,,-4.1,,-2.4,,,"8",,"9",,114,
"249200550",DOLINA PIÊCIU STAWÓW,"2026","01","20",1.1,,-5.1,,-2.3,,,"8",,"9",,111,
"249200550",DOLINA PIÊCIU STAWÓW,"2026","01","21",2.1,,-4.1,,-0.5,,,"8",,"9",,103,
"249200550",DOLINA PIÊCIU STAWÓW,"2026","01","22",0.4,,-6.6,,-3.1,,,"8",0.5,,S,95,
"249200550",DOLINA PIÊCIU STAWÓW,"2026","01","23",-1.4,,-3.6,,-2.4,,,"8",0.9,,S,95,
"249200550",DOLINA PIÊCIU STAWÓW,"2026","01","24",0.2,,-3.6,,-1.3,,,"8",1.8,,S,95,
"249200550",DOLINA PIÊCIU STAWÓW,"2026","01","25",1.8,,-0.8,,0.7,,,"8",4.6,,S,95,
"249200550",DOLINA PIÊCIU STAWÓW,"2026","01","26",3.1,,-2.3,,-0.1,,,"8",2.7,,S,95,
"249200550",DOLINA PIÊCIU STAWÓW,"2026","01","27",-2.3,,-6.1,,-4.1,,,"8",0.1,,W,95,
"249200550",DOLINA PIÊCIU STAWÓW,"2026","01","28",-0.5,,-6.6,,-3.0,,,"8",1.4,,S,95,
"249200550",DOLINA PIÊCIU STAWÓW,"2026","01","29",0.6,,-3.6,,-2.0,,,"8",0.5,,W,95,
"249200550",DOLINA PIÊCIU STAWÓW,"2026","01","30",-1.3,,-6.6,,-4.8,,,"8",,"9",,95,
"249200550",DOLINA PIÊCIU STAWÓW,"2026","01","31",-3.3,,-6.1,,-4.7,,,"8",,"9",,95,
"249200920",PIWNICZNA,"2026","01","01",1.2,,-4.3,,-1.4,,,"8",,"9",,1,
"249200920",PIWNICZNA,"2026","01","02",1.6,,-3.4,,-2.0,,,"8",,"9",,1,
"249200920",PIWNICZNA,"2026","01","03",1.3,,-5.9,,-3.4,,,"8",,"9",,1,
"249200920",PIWNICZNA,"2026","01","04",2.1,,-7.0,,-4.5,,,"8",,"9",,1,
"249200920",PIWNICZNA,"2026","01","05",-2.6,,-12.9,,-7.9,,,"8",,"9",,1,
"249200920",PIWNICZNA,"2026","01","06",-1.6,,-4.7,,-3.7,,,"8",5.6,,S,1,
"249200920",PIWNICZNA,"2026","01","07",-3.7,,-5.8,,-5.3,,,"8",1.7,,S,7,
"249200920",PIWNICZNA,"2026","01","08",-5.0,,-7.0,,-6.2,,,"8",1.8,,S,11,
"249200920",PIWNICZNA,"2026","01","09",-2.9,,-16.7,,-11.3,,,"8",,"9",,16,
"249200920",PIWNICZNA,"2026","01","10",-7.9,,-16.9,,-13.6,,,"8",0.8,,S,16,
"249200920",PIWNICZNA,"2026","01","11",-2.9,,-17.1,,-7.8,,,"8",7.9,,S,17,
"249200920",PIWNICZNA,"2026","01","12",-2.7,,-11.8,,-8.0,,,"8",0.0,,W,22,
"249200920",PIWNICZNA,"2026","01","13",-5.9,,-12.7,,-8.6,,,"8",3.1,,S,22,
"249200920",PIWNICZNA,"2026","01","14",-3.3,,-6.6,,-5.1,,,"8",,"9",,22,
"249200920",PIWNICZNA,"2026","01","15",2.4,,-4.1,,-0.8,,,"8",,"9",,22,
"249200920",PIWNICZNA,"2026","01","16",3.2,,0.8,,1.7,,,"8",,"9",,21,
"249200920",PIWNICZNA,"2026","01","17",4.5,,-3.3,,-0.4,,,"8",,"9",,12,
"249200920",PIWNICZNA,"2026","01","18",2.4,,-10.7,,-6.1,,,"8",,"9",,8,
"249200920",PIWNICZNA,"2026","01","19",0.3,,-12.8,,-7.7,,,"8",,"9",,8,
"249200920",PIWNICZNA,"2026","01","20",1.4,,-12.5,,-7.0,,,"8",,"9",,8,
"249200920",PIWNICZNA,"2026","01","21",5.1,,-11.9,,-5.4,,,"8",,"9",,8,
"249200920",PIWNICZNA,"2026","01","22",2.7,,-8.3,,-2.8,,,"8",0.0,,W,8,
"249200920",PIWNICZNA,"2026","01","23",3.5,,-1.3,,0.4,,,"8",,"9",,8,
"249200920",PIWNICZNA,"2026","01","24",3.6,,-0.5,,1.5,,,"8",,"9",,8,
"249200920",PIWNICZNA,"2026","01","25",6.1,,0.9,,3.5,,,"8",,"9",,8,
"249200920",PIWNICZNA,"2026","01","26",7.1,,2.4,,4.3,,,"8",,"9",,4,
"249200920",PIWNICZNA,"2026","01","27",6.6,,-1.8,,0.8,,,"8",,"9",,,"9"
"249200920",PIWNICZNA,"2026","01","28",3.1,,-4.5,,0.1,,,"8",0.3,,S,,"9"
"249200920",PIWNICZNA,"2026","01","29",1.1,,-0.7,,0.2,,,"8",0.4,,S,0,
"249200920",PIWNICZNA,"2026","01","30",0.4,,-1.1,,-0.4,,,"8",0.6,,S,0,
"249200920",PIWNICZNA,"2026","01","31",0.3,,-8.3,,-4.7,,,"8",,"9",,1,
"249200930",PORONIN,"2026","01","01",2.7,,-9.0,,-1.8,,,"8",,"9",,29,
"249200930",PORONIN,"2026","01","02",3.0,,-2.7,,-0.3,,,"8",0.2,,S,26,
"249200930",PORONIN,"2026","01","03",-1.1,,-11.9,,-6.8,,,"8",0.1,,S,24,
"249200930",PORONIN,"2026","01","04",-2.4,,-13.9,,-8.6,,,"8",,"9",,21,
"249200930",PORONIN,"2026","01","05",-4.7,,-19.3,,-12.3,,,"8",0.5,,S,18,
"249200930",PORONIN,"2026","01","06",-5.3,,-7.9,,-6.5,,,"8",10.9,,S,17,
"249200930",PORONIN,"2026","01","07",-6.0,,-9.0,,-7.9,,,"8",1.5,,S,30,
"249200930",PORONIN,"2026","01","08",-6.9,,-10.0,,-8.6,,,"8",1.8,,S,33,
"249200930",PORONIN,"2026","01","09",-4.5,,-22.1,,-14.1,,,"8",,"9",,36,
"249200930",PORONIN,"2026","01","10",-5.4,,-19.5,,-12.7,,,"8",0.9,,S,33,
"249200930",PORONIN,"2026","01","11",-6.0,,-18.4,,-10.0,,,"8",6.0,,S,36,
"249200930",PORONIN,"2026","01","12",-5.0,,-15.8,,-11.1,,,"8",1.9,,S,52,
"249200930",PORONIN,"2026","01","13",-0.3,,-18.3,,-6.9,,,"8",3.2,,S,47,
"249200930",PORONIN,"2026","01","14",0.3,,-12.6,,-5.0,,,"8",1.3,,W,42,
"249200930",PORONIN,"2026","01","15",4.8,,-1.3,,1.4,,,"8",1.5,,W,31,
"249200930",PORONIN,"2026","01","16",4.8,,-1.1,,1.2,,,"8",0.2,,W,28,
"249200930",PORONIN,"2026","01","17",3.4,,-9.5,,-5.1,,,"8",,"9",,26,
"249200930",PORONIN,"2026","01","18",3.6,,-14.7,,-8.6,,,"8",,"9",,25,
"249200930",PORONIN,"2026","01","19",0.9,,-17.6,,-11.4,,,"8",,"9",,25,
"249200930",PORONIN,"2026","01","20",-0.1,,-18.5,,-11.7,,,"8",,"9",,24,
"249200930",PORONIN,"2026","01","21",2.1,,-18.3,,-10.7,,,"8",,"9",,24,
"249200930",PORONIN,"2026","01","22",0.0,,-14.3,,-6.4,,,"8",,"9",,24,
"249200930",PORONIN,"2026","01","23",4.0,,-3.8,,-0.6,,,"8",0.0,,W,24,
"249200930",PORONIN,"2026","01","24",3.4,,-4.8,,-1.1,,,"8",,"9",,23,
"249200930",PORONIN,"2026","01","25",5.9,,-4.9,,-0.1,,,"8",0.5,,W,23,
"249200930",PORONIN,"2026","01","26",5.0,,0.2,,2.4,,,"8",0.6,,W,21,
"249200930",PORONIN,"2026","01","27",3.1,,-6.5,,-3.4,,,"8",,"9",,20,
"249200930",PORONIN,"2026","01","28",2.8,,-9.5,,-3.0,,,"8",1.8,,S,20,
"249200930",PORONIN,"2026","01","29",1.1,,-3.1,,-1.3,,,"8",0.5,,S,23,
"249200930",PORONIN,"2026","01","30",-2.3,,-4.3,,-3.1,,,"8",0.3,,W,23,
"249200930",PORONIN,"2026","01","31",-2.3,,-9.0,,-6.1,,,"8",,"9",,23,
"249220150",SOLINA-JAWOR,"2026","01","01",-0.7,,-6.4,,-3.2,,-9.0,,,"9",,17,
"249220150",SOLINA-JAWOR,"2026","01","02",0.7,,-1.8,,-0.3,,-3.6,,,"9",,15,
"249220150",SOLINA-JAWOR,"2026","01","03",0.8,,-2.9,,-1.6,,-9.0,,0.4,,S,14,
"249220150",SOLINA-JAWOR,"2026","01","04",0.0,,-2.9,,-1.8,,-9.4,,,"9",,14,
"249220150",SOLINA-JAWOR,"2026","01","05",-2.2,,-10.4,,-6.6,,-13.0,,7.1,,S,13,
"249220150",SOLINA-JAWOR,"2026","01","06",-3.4,,-5.9,,-4.7,,-6.1,,13.3,,S,18,
"249220150",SOLINA-JAWOR,"2026","01","07",-4.2,,-6.8,,-5.7,,-6.8,,4.0,,S,32,
"249220150",SOLINA-JAWOR,"2026","01","08",-5.8,,-6.9,,-6.4,,-6.9,,4.4,,S,36,
"249220150",SOLINA-JAWOR,"2026","01","09",-4.1,,-9.4,,-7.7,,-10.6,,,"9",,38,
"249220150",SOLINA-JAWOR,"2026","01","10",-9.4,,-15.8,,-12.5,,-16.1,,0.9,,S,36,
"249220150",SOLINA-JAWOR,"2026","01","11",-4.3,,-12.4,,-7.2,,-12.4,,6.6,,S,36,
"249220150",SOLINA-JAWOR,"2026","01","12",-5.2,,-6.6,,-5.9,,-6.6,,3.5,,S,46,
"249220150",SOLINA-JAWOR,"2026","01","13",-5.6,,-10.8,,-7.6,,-12.5,,2.4,,S,52,
"249220150",SOLINA-JAWOR,"2026","01","14",-0.1,,-7.2,,-3.3,,-7.5,,2.4,,S,54,
"249220150",SOLINA-JAWOR,"2026","01","15",2.5,,-2.0,,0.3,,-2.0,,,"9",,49,
"249220150",SOLINA-JAWOR,"2026","01","16",4.5,,-4.8,,-1.5,,-7.7,,,"9",,44,
"249220150",SOLINA-JAWOR,"2026","01","17",2.4,,-7.2,,-4.0,,-11.0,,,"9",,38,
"249220150",SOLINA-JAWOR,"2026","01","18",-0.5,,-13.3,,-8.4,,-16.8,,,"9",,35,
"249220150",SOLINA-JAWOR,"2026","01","19",1.6,,-13.3,,-7.6,,-16.2,,,"9",,34,
"249220150",SOLINA-JAWOR,"2026","01","20",3.0,,-9.6,,-4.0,,-13.2,,,"9",,34,
"249220150",SOLINA-JAWOR,"2026","01","21",6.4,,-8.7,,-3.4,,-12.1,,,"9",,32,
"249220150",SOLINA-JAWOR,"2026","01","22",-0.6,,-9.0,,-4.8,,-11.3,,,"9",,31,
"249220150",SOLINA-JAWOR,"2026","01","23",2.8,,-2.5,,-0.5,,-3.4,,1.8,,S,30,
"249220150",SOLINA-JAWOR,"2026","01","24",3.2,,-2.7,,0.4,,-4.0,,1.9,,W,29,
"249220150",SOLINA-JAWOR,"2026","01","25",8.0,,0.5,,4.4,,0.1,,,"9",,25,
"249220150",SOLINA-JAWOR,"2026","01","26",8.1,,1.8,,5.2,,0.4,,4.8,,W,19,
"249220150",SOLINA-JAWOR,"2026","01","27",3.7,,-0.8,,1.0,,-2.3,,0.5,,W,16,
"249220150",SOLINA-JAWOR,"2026","01","28",4.4,,-2.9,,1.5,,-3.3,,3.1,,S,14,
"249220150",SOLINA-JAWOR,"2026","01","29",2.0,,-1.6,,-0.1,,-1.6,,,"9",,12,
"249220150",SOLINA-JAWOR,"2026","01","30",0.2,,-2.0,,-1.3,,-2.3,,,"9",,12,
"249220150",SOLINA-JAWOR,"2026","01","31",-1.9,,-11.0,,-7.6,,-11.0,,0.1,,S,12,
"249220180",KOMAÑCZA,"2026","01","01",-2.3,,-9.6,,-5.1,,,"8",0.4,,S,20,
"249220180",KOMAÑCZA,"2026","01","02",-0.4,,-2.4,,-1.5,,,"8",,"9",,16,
"249220180",KOMAÑCZA,"2026","01","03",0.7,,-8.4,,-4.9,,,"8",,"9",,14,
"249220180",KOMAÑCZA,"2026","01","04",0.2,,-7.9,,-4.6,,,"8",,"9",,12,
"249220180",KOMAÑCZA,"2026","01","05",-1.0,,-12.9,,-7.4,,,"8",6.0,,S,12,
"249220180",KOMAÑCZA,"2026","01","06",-3.3,,-6.5,,-4.9,,,"8",14.7,,S,18,
"249220180",KOMAÑCZA,"2026","01","07",-4.7,,-6.1,,-5.7,,,"8",3.4,,S,35,
"249220180",KOMAÑCZA,"2026","01","08",-4.0,,-6.5,,-5.8,,,"8",2.9,,S,36,
"249220180",KOMAÑCZA,"2026","01","09",-4.3,,-10.0,,-8.0,,,"8",,"9",,37,
"249220180",KOMAÑCZA,"2026","01","10",-7.4,,-12.9,,-10.0,,,"8",1.0,,S,33,
"249220180",KOMAÑCZA,"2026","01","11",-5.9,,-13.9,,-8.3,,,"8",7.9,,S,34,
"249220180",KOMAÑCZA,"2026","01","12",-4.5,,-7.9,,-6.5,,,"8",2.2,,S,58,
"249220180",KOMAÑCZA,"2026","01","13",-6.2,,-10.4,,-8.3,,,"8",1.8,,S,55,
"249220180",KOMAÑCZA,"2026","01","14",-3.0,,-7.4,,-4.9,,,"8",0.7,,S,49,
"249220180",KOMAÑCZA,"2026","01","15",0.5,,-3.4,,-1.4,,,"8",,"9",,45,
"249220180",KOMAÑCZA,"2026","01","16",5.4,,-5.0,,-0.5,,,"8",,"9",,41,
"249220180",KOMAÑCZA,"2026","01","17",5.9,,-9.0,,-5.3,,,"8",,"9",,31,
"249220180",KOMAÑCZA,"2026","01","18",2.4,,-20.5,,-12.8,,,"8",,"9",,30,
"249220180",KOMAÑCZA,"2026","01","19",0.5,,-18.0,,-10.8,,,"8",,"9",,29,
"249220180",KOMAÑCZA,"2026","01","20",1.0,,-9.4,,-4.1,,,"8",,"9",,29,
"249220180",KOMAÑCZA,"2026","01","21",3.9,,-5.2,,-2.3,,,"8",,"9",,28,
"249220180",KOMAÑCZA,"2026","01","22",2.0,,-12.8,,-5.8,,,"8",0.1,,S,28,
"249220180",KOMAÑCZA,"2026","01","23",3.9,,-1.4,,0.4,,,"8",1.3,,W,28,
"249220180",KOMAÑCZA,"2026","01","24",3.9,,-0.6,,1.3,,,"8",4.7,,W,26,
"249220180",KOMAÑCZA,"2026","01","25",6.4,,1.2,,2.6,,,"8",0.1,,W,22,
"249220180",KOMAÑCZA,"2026","01","26",6.4,,-0.8,,2.2,,,"8",5.4,,W,18,
"249220180",KOMAÑCZA,"2026","01","27",4.1,,-1.6,,0.7,,,"8",0.1,,W,16,
"249220180",KOMAÑCZA,"2026","01","28",2.2,,-2.1,,0.5,,,"8",1.1,,S,14,
"249220180",KOMAÑCZA,"2026","01","29",1.0,,-1.1,,-0.1,,,"8",,"9",,15,
"249220180",KOMAÑCZA,"2026","01","30",1.0,,-1.1,,-0.5,,,"8",0.1,,W,14,
"249220180",KOMAÑCZA,"2026","01","31",1.0,,-10.4,,-6.5,,,"8",,"9",,13,
"250180580",DRONIOWICE,"2026","01","01",1.2,,-3.2,,-0.7,,-3.4,,1.8,,S,4,
"250180580",DRONIOWICE,"2026","01","02",1.5,,-0.9,,0.1,,-1.1,,0.8,,S,6,
"250180580",DRONIOWICE,"2026","01","03",1.5,,-2.0,,-0.5,,-3.0,,,"9",,6,
"250180580",DRONIOWICE,"2026","01","04",0.1,,-4.0,,-2.6,,-4.7,,,"9",,5,
"250180580",DRONIOWICE,"2026","01","05",-0.2,,-10.5,,-6.0,,-15.2,,,"9",,4,
"250180580",DRONIOWICE,"2026","01","06",-3.0,,-12.4,,-8.5,,-16.0,,,"9",,4,
"250180580",DRONIOWICE,"2026","01","07",-4.0,,-9.5,,-6.3,,-13.6,,0.3,,S,4,
"250180580",DRONIOWICE,"2026","01","08",-5.1,,-8.0,,-6.7,,-8.4,,0.1,,S,6,
"250180580",DRONIOWICE,"2026","01","09",-4.8,,-11.0,,-8.2,,-15.3,,,"9",,6,
"250180580",DRONIOWICE,"2026","01","10",-7.3,,-12.2,,-9.6,,-13.4,,1.0,,S,6,
"250180580",DRONIOWICE,"2026","01","11",-3.5,,-8.4,,-5.1,,-8.1,,1.7,,S,9,
"250180580",DRONIOWICE,"2026","01","12",-3.8,,-10.2,,-7.4,,-7.8,,1.1,,S,15,
"250180580",DRONIOWICE,"2026","01","13",-1.2,,-8.4,,-3.9,,-7.8,,1.0,,S,15,
"250180580",DRONIOWICE,"2026","01","14",2.7,,-1.7,,0.6,,-1.2,,1.3,,W,14,
"250180580",DRONIOWICE,"2026","01","15",3.7,,0.6,,1.8,,-0.2,,,"9",,9,
"250180580",DRONIOWICE,"2026","01","16",5.9,,0.7,,2.1,,-3.0,,,"9",,7,
"250180580",DRONIOWICE,"2026","01","17",5.2,,-1.5,,0.3,,-7.0,,,"9",,6,
"250180580",DRONIOWICE,"2026","01","18",1.8,,-7.3,,-4.5,,-12.7,,,"9",,5,
"250180580",DRONIOWICE,"2026","01","19",3.1,,-9.8,,-4.5,,-15.6,,,"9",,5,
"250180580",DRONIOWICE,"2026","01","20",3.8,,-7.2,,-3.3,,-11.8,,,"9",,5,
"250180580",DRONIOWICE,"2026","01","21",4.5,,-8.8,,-4.3,,-14.0,,,"9",,4,
"250180580",DRONIOWICE,"2026","01","22",0.7,,-11.3,,-6.1,,-14.6,,,"9",,4,
"250180580",DRONIOWICE,"2026","01","23",-1.6,,-7.3,,-4.9,,-7.1,,,"9",,4,
"250180580",DRONIOWICE,"2026","01","24",0.0,,-3.7,,-1.8,,-4.1,,1.1,,S,4,
"250180580",DRONIOWICE,"2026","01","25",4.0,,-2.3,,0.8,,-2.8,,2.3,,W,4,
"250180580",DRONIOWICE,"2026","01","26",6.2,,1.4,,2.7,,-1.7,,0.3,,W,,"9"
"250180580",DRONIOWICE,"2026","01","27",2.0,,-1.2,,0.3,,-4.6,,,"9",,,"9"
"250180580",DRONIOWICE,"2026","01","28",1.5,,-0.4,,0.2,,-0.7,,,"9",,,"9"
"250180580",DRONIOWICE,"2026","01","29",0.7,,-2.0,,-0.8,,-2.0,,0.1,,S,,"9"
"250180580",DRONIOWICE,"2026","01","30",0.2,,-2.0,,-1.3,,-2.0,,,"9",,0,
"250180580",DRONIOWICE,"2026","01","31",0.2,,-8.8,,-3.0,,-9.4,,,"9",,,"9"
"250190390",KRAKÓW-OBSERWATORIUM,"2026","01","01",3.7,,-2.6,,0.4,,-4.7,,0.5,,S,0,
"250190390",KRAKÓW-OBSERWATORIUM,"2026","01","02",3.6,,0.0,,1.5,,-1.6,,0.7,,S,2,
"250190390",KRAKÓW-OBSERWATORIUM,"2026","01","03",2.4,,-1.0,,0.2,,-5.9,,0.1,,S,0,
"250190390",KRAKÓW-OBSERWATORIUM,"2026","01","04",2.1,,-2.8,,-1.5,,-6.9,,,"9",,,"9"
"250190390",KRAKÓW-OBSERWATORIUM,"2026","01","05",-0.4,,-7.1,,-4.2,,-10.2,,,"9",,,"9"
"250190390",KRAKÓW-OBSERWATORIUM,"2026","01","06",-2.1,,-3.4,,-2.9,,-4.2,,0.8,,S,,"9"
"250190390",KRAKÓW-OBSERWATORIUM,"2026","01","07",-2.7,,-5.1,,-4.4,,-6.8,,2.6,,S,1,
"250190390",KRAKÓW-OBSERWATORIUM,"2026","01","08",-3.8,,-6.0,,-5.1,,-6.5,,2.6,,S,8,
"250190390",KRAKÓW-OBSERWATORIUM,"2026","01","09",-2.2,,-7.3,,-5.9,,-13.3,,0.0,,W,10,
"250190390",KRAKÓW-OBSERWATORIUM,"2026","01","10",-6.9,,-11.7,,-9.8,,-17.9,,0.7,,S,9,
"250190390",KRAKÓW-OBSERWATORIUM,"2026","01","11",-2.2,,-9.5,,-5.0,,-10.1,,0.9,,S,11,
"250190390",KRAKÓW-OBSERWATORIUM,"2026","01","12",-3.2,,-7.6,,-5.9,,-13.3,,1.1,,S,8,
"250190390",KRAKÓW-OBSERWATORIUM,"2026","01","13",-3.1,,-8.8,,-5.8,,-12.0,,5.4,,S,8,
"250190390",KRAKÓW-OBSERWATORIUM,"2026","01","14",1.0,,-4.2,,-1.7,,-7.7,,0.2,,W,12,
"250190390",KRAKÓW-OBSERWATORIUM,"2026","01","15",3.8,,-0.8,,0.9,,-5.3,,,"9",,9,
"250190390",KRAKÓW-OBSERWATORIUM,"2026","01","16",3.2,,-0.8,,0.5,,-1.1,,,"9",,7,
"250190390",KRAKÓW-OBSERWATORIUM,"2026","01","17",-0.5,,-5.8,,-3.6,,-4.9,,,"9",,6,
"250190390",KRAKÓW-OBSERWATORIUM,"2026","01","18",-3.3,,-11.1,,-8.8,,-14.2,,,"9",,6,
"250190390",KRAKÓW-OBSERWATORIUM,"2026","01","19",-3.8,,-13.6,,-9.9,,-16.2,,,"9",,6,
"250190390",KRAKÓW-OBSERWATORIUM,"2026","01","20",-0.3,,-13.0,,-8.2,,-15.8,,,"9",,6,
"250190390",KRAKÓW-OBSERWATORIUM,"2026","01","21",1.3,,-12.7,,-7.3,,-15.9,,,"9",,6,
"250190390",KRAKÓW-OBSERWATORIUM,"2026","01","22",-3.4,,-9.9,,-6.6,,-13.6,,,"9",,6,
"250190390",KRAKÓW-OBSERWATORIUM,"2026","01","23",-2.7,,-7.6,,-5.1,,-8.2,,0.0,,W,6,
"250190390",KRAKÓW-OBSERWATORIUM,"2026","01","24",-0.7,,-2.9,,-1.7,,-3.7,,0.2,,W,6,
"250190390",KRAKÓW-OBSERWATORIUM,"2026","01","25",1.9,,-1.9,,0.2,,-2.2,,0.0,,W,6,
"250190390",KRAKÓW-OBSERWATORIUM,"2026","01","26",5.5,,0.7,,2.4,,-0.6,,0.1,,W,5,
"250190390",KRAKÓW-OBSERWATORIUM,"2026","01","27",4.4,,-2.9,,0.1,,-5.0,,,"9",,4,
"250190390",KRAKÓW-OBSERWATORIUM,"2026","01","28",2.6,,-1.7,,0.3,,-4.2,,0.0,,W,4,
"250190390",KRAKÓW-OBSERWATORIUM,"2026","01","29",1.5,,-0.6,,0.0,,-1.8,,0.4,,S,3,
"250190390",KRAKÓW-OBSERWATORIUM,"2026","01","30",0.4,,-1.7,,-0.8,,-1.9,,0.2,,W,4,
"250190390",KRAKÓW-OBSERWATORIUM,"2026","01","31",-1.4,,-8.7,,-6.4,,-10.7,,0.0,,W,4,
"250210050",ŒWIÊTY KRZY¯,"2026","01","01",-1.2,,-5.7,,-3.6,,-5.9,,0.8,,W,,"8"
"250210050",ŒWIÊTY KRZY¯,"2026","01","02",-1.2,,-3.0,,-2.1,,-2.9,,0.4,,W,,"8"
"250210050",ŒWIÊTY KRZY¯,"2026","01","03",-1.5,,-4.2,,-2.9,,-3.1,,0.3,,W,,"8"
"250210050",ŒWIÊTY KRZY¯,"2026","01","04",-2.2,,-5.8,,-4.5,,-4.0,,,"9",,,"8"
"250210050",ŒWIÊTY KRZY¯,"2026","01","05",-3.0,,-6.8,,-5.4,,-5.5,,,"9",,,"8"
"250210050",ŒWIÊTY KRZY¯,"2026","01","06",-4.8,,-7.1,,-5.9,,-5.2,,,"9",,,"8"
"250210050",ŒWIÊTY KRZY¯,"2026","01","07",-5.9,,-9.2,,-8.3,,-6.1,,3.9,,W,,"8"
"250210050",ŒWIÊTY KRZY¯,"2026","01","08",-7.1,,-9.6,,-8.7,,-4.2,,3.2,,W,,"8"
"250210050",ŒWIÊTY KRZY¯,"2026","01","09",-8.1,,-11.9,,-10.7,,-2.8,,,"9",,,"8"
"250210050",ŒWIÊTY KRZY¯,"2026","01","10",-10.8,,-14.2,,-12.5,,-3.2,,1.5,,W,,"8"
"250210050",ŒWIÊTY KRZY¯,"2026","01","11",-4.8,,-11.1,,-7.0,,-2.9,,8.4,,W,,"8"
"250210050",ŒWIÊTY KRZY¯,"2026","01","12",-4.9,,-7.5,,-6.5,,-0.7,,0.5,,W,,"8"
"250210050",ŒWIÊTY KRZY¯,"2026","01","13",-4.3,,-9.2,,-6.9,,-1.0,,1.4,,W,,"8"
"250210050",ŒWIÊTY KRZY¯,"2026","01","14",-2.6,,-7.1,,-4.3,,-1.2,,1.5,,W,,"8"
"250210050",ŒWIÊTY KRZY¯,"2026","01","15",1.1,,-2.6,,-0.6,,-2.1,,0.1,,W,,"8"
"250210050",ŒWIÊTY KRZY¯,"2026","01","16",-0.4,,-3.4,,-2.1,,-3.4,,,"9",,,"8"
"250210050",ŒWIÊTY KRZY¯,"2026","01","17",-1.8,,-6.6,,-4.5,,-7.4,,,"9",,,"8"
"250210050",ŒWIÊTY KRZY¯,"2026","01","18",-2.2,,-8.7,,-5.9,,-9.6,,,"9",,,"8"
"250210050",ŒWIÊTY KRZY¯,"2026","01","19",-3.0,,-8.1,,-5.8,,-8.9,,,"9",,,"8"
"250210050",ŒWIÊTY KRZY¯,"2026","01","20",-0.9,,-5.6,,-3.2,,-7.3,,,"9",,,"8"
"250210050",ŒWIÊTY KRZY¯,"2026","01","21",2.1,,-4.1,,-1.5,,-5.1,,,"9",,,"8"
"250210050",ŒWIÊTY KRZY¯,"2026","01","22",0.9,,-12.3,,-6.7,,-12.5,,,"9",,,"8"
"250210050",ŒWIÊTY KRZY¯,"2026","01","23",-5.7,,-13.8,,-8.8,,-13.8,,0.7,,W,,"8"
"250210050",ŒWIÊTY KRZY¯,"2026","01","24",-4.5,,-6.8,,-6.0,,-6.7,,0.9,,W,,"8"
"250210050",ŒWIÊTY KRZY¯,"2026","01","25",-1.3,,-6.2,,-3.3,,-6.2,,0.5,,W,,"8"
"250210050",ŒWIÊTY KRZY¯,"2026","01","26",3.5,,-2.0,,1.1,,-2.0,,0.5,,W,,"8"
"250210050",ŒWIÊTY KRZY¯,"2026","01","27",3.5,,-0.4,,1.0,,-1.1,,,"9",,,"8"
"250210050",ŒWIÊTY KRZY¯,"2026","01","28",0.1,,-2.1,,-1.2,,-2.0,,,"9",,,"8"
"250210050",ŒWIÊTY KRZY¯,"2026","01","29",-1.9,,-3.2,,-2.8,,-3.1,,,"9",,,"8"
"250210050",ŒWIÊTY KRZY¯,"2026","01","30",-3.0,,-6.4,,-4.9,,-6.4,,,"9",,,"8"
"250210050",ŒWIÊTY KRZY¯,"2026","01","31",-6.3,,-15.1,,-12.2,,-14.8,,,"9",,,"8"
"250210130",STASZÓW,"2026","01","01",2.3,,-3.8,,-0.7,,,"8",0.2,,S,3,
"250210130",STASZÓW,"2026","01","02",2.4,,-0.4,,0.7,,,"8",0.2,,S,2,
"250210130",STASZÓW,"2026","01","03",1.9,,-2.5,,-0.1,,,"8",0.0,,W,3,
"250210130",STASZÓW,"2026","01","04",1.7,,-5.3,,-2.8,,,"8",,"9",,2,
"250210130",STASZÓW,"2026","01","05",-1.0,,-11.8,,-7.2,,,"8",,"9",,2,
"250210130",STASZÓW,"2026","01","06",0.0,,-4.4,,-3.1,,,"8",2.8,,S,2,
"250210130",STASZÓW,"2026","01","07",-3.4,,-5.9,,-5.2,,,"8",3.1,,S,5,
"250210130",STASZÓW,"2026","01","08",-3.6,,-6.3,,-5.3,,,"8",0.5,,S,12,
"250210130",STASZÓW,"2026","01","09",-4.1,,-12.1,,-9.4,,,"8",,"9",,12,
"250210130",STASZÓW,"2026","01","10",-8.6,,-17.1,,-12.8,,,"8",0.9,,S,11,
"250210130",STASZÓW,"2026","01","11",-2.4,,-10.0,,-5.1,,,"8",4.7,,S,11,
"250210130",STASZÓW,"2026","01","12",-3.2,,-10.1,,-6.7,,,"8",0.1,,S,18,
"250210130",STASZÓW,"2026","01","13",-5.7,,-14.7,,-9.0,,,"8",1.5,,S,17,
"250210130",STASZÓW,"2026","01","14",-1.4,,-12.5,,-5.6,,,"8",2.3,,S,18,
"250210130",STASZÓW,"2026","01","15",4.1,,-1.4,,1.3,,,"8",0.2,,W,13,
"250210130",STASZÓW,"2026","01","16",1.1,,-2.0,,-0.6,,,"8",,"9",,10,
"250210130",STASZÓW,"2026","01","17",-1.4,,-9.0,,-5.8,,,"8",,"9",,9,
"250210130",STASZÓW,"2026","01","18",-2.8,,-13.2,,-8.7,,,"8",,"9",,9,
"250210130",STASZÓW,"2026","01","19",-3.1,,-15.0,,-10.5,,,"8",,"9",,8,
"250210130",STASZÓW,"2026","01","20",0.1,,-17.3,,-10.6,,,"8",,"9",,8,
"250210130",STASZÓW,"2026","01","21",2.3,,-16.1,,-9.5,,,"8",,"9",,7,
"250210130",STASZÓW,"2026","01","22",-3.1,,-13.0,,-8.6,,,"8",0.0,,W,7,
"250210130",STASZÓW,"2026","01","23",-2.5,,-10.3,,-5.7,,,"8",0.3,,S,7,
"250210130",STASZÓW,"2026","01","24",-1.2,,-3.9,,-2.9,,,"8",0.1,,S,7,
"250210130",STASZÓW,"2026","01","25",0.5,,-3.3,,-1.2,,,"8",1.0,,W,7,
"250210130",STASZÓW,"2026","01","26",3.3,,-0.5,,1.1,,,"8",0.1,,W,7,
"250210130",STASZÓW,"2026","01","27",5.0,,-3.2,,-0.4,,,"8",0.0,,W,6,
"250210130",STASZÓW,"2026","01","28",1.8,,-2.5,,-0.4,,,"8",,"9",,6,
"250210130",STASZÓW,"2026","01","29",1.6,,-0.5,,0.1,,,"8",,"9",,6,
"250210130",STASZÓW,"2026","01","30",0.2,,-3.1,,-1.7,,,"8",,"9",,6,
"250210130",STASZÓW,"2026","01","31",-3.0,,-12.4,,-9.3,,,"8",,"9",,6,
"250220120",JAROCIN,"2026","01","01",0.2,,-5.3,,-2.0,,,"8",,"9",,5,
"250220120",JAROCIN,"2026","01","02",1.6,,-0.7,,0.5,,,"8",0.2,,S,5,
"250220120",JAROCIN,"2026","01","03",1.1,,-2.7,,-0.5,,,"8",0.2,,S,5,
"250220120",JAROCIN,"2026","01","04",1.7,,-4.2,,-1.6,,,"8",,"9",,8,
"250220120",JAROCIN,"2026","01","05",-0.4,,-10.8,,-6.0,,,"8",0.2,,S,5,
"250220120",JAROCIN,"2026","01","06",-2.4,,-4.2,,-3.5,,,"8",7.7,,S,6,
"250220120",JAROCIN,"2026","01","07",-3.8,,-5.8,,-4.9,,,"8",3.8,,S,25,
"250220120",JAROCIN,"2026","01","08",-4.2,,-6.3,,-5.3,,,"8",2.4,,S,30,
"250220120",JAROCIN,"2026","01","09",-4.8,,-10.6,,-8.6,,,"8",,"9",,30,
"250220120",JAROCIN,"2026","01","10",-8.7,,-13.4,,-10.7,,,"8",2.2,,S,25,
"250220120",JAROCIN,"2026","01","11",-3.5,,-9.8,,-5.8,,,"8",4.4,,S,30,
"250220120",JAROCIN,"2026","01","12",-2.8,,-6.8,,-4.6,,,"8",0.3,,S,40,
"250220120",JAROCIN,"2026","01","13",-4.6,,-10.3,,-7.7,,,"8",0.2,,S,37,
"250220120",JAROCIN,"2026","01","14",-1.4,,-14.3,,-5.7,,,"8",7.8,,S,35,
"250220120",JAROCIN,"2026","01","15",2.6,,-1.7,,0.9,,,"8",,"9",,20,
"250220120",JAROCIN,"2026","01","16",0.8,,-4.7,,-2.4,,,"8",,"9",,17,
"250220120",JAROCIN,"2026","01","17",0.6,,-9.3,,-5.5,,,"8",,"9",,17,
"250220120",JAROCIN,"2026","01","18",-1.4,,-12.9,,-8.2,,,"8",,"9",,17,
"250220120",JAROCIN,"2026","01","19",-1.9,,-12.8,,-8.6,,,"8",,"9",,17,
"250220120",JAROCIN,"2026","01","20",0.6,,-15.9,,-9.5,,,"8",,"9",,17,
"250220120",JAROCIN,"2026","01","21",4.1,,-15.1,,-7.9,,,"8",,"9",,17,
"250220120",JAROCIN,"2026","01","22",-3.3,,-15.4,,-10.4,,,"8",,"9",,17,
"250220120",JAROCIN,"2026","01","23",-0.4,,-10.5,,-4.5,,,"8",1.0,,S,17,
"250220120",JAROCIN,"2026","01","24",-1.2,,-4.7,,-2.9,,,"8",2.5,,S,18,
"250220120",JAROCIN,"2026","01","25",-0.4,,-2.7,,-1.4,,,"8",0.5,,W,20,
"250220120",JAROCIN,"2026","01","26",2.6,,-1.2,,0.9,,,"8",,"9",,20,
"250220120",JAROCIN,"2026","01","27",6.1,,-0.7,,1.5,,,"8",,"9",,17,
"250220120",JAROCIN,"2026","01","28",4.1,,-2.7,,0.1,,,"8",,"9",,17,
"250220120",JAROCIN,"2026","01","29",1.6,,-0.7,,0.4,,,"8",,"9",,12,
"250220120",JAROCIN,"2026","01","30",0.8,,-3.7,,-1.7,,,"8",,"9",,12,
"250220120",JAROCIN,"2026","01","31",-3.5,,-12.7,,-9.9,,,"8",,"9",,12,
"250240010",STRZY¯ÓW,"2026","01","01",-2.1,,-6.6,,-4.8,,-7.0,,,"9",,1,
"250240010",STRZY¯ÓW,"2026","01","02",-0.4,,-4.4,,-1.6,,-6.4,,0.0,,W,1,
"250240010",STRZY¯ÓW,"2026","01","03",0.9,,-2.6,,-0.7,,-4.9,,,"9",,1,
"250240010",STRZY¯ÓW,"2026","01","04",0.4,,-2.6,,-1.6,,-2.9,,,"9",,1,
"250240010",STRZY¯ÓW,"2026","01","05",-0.9,,-3.6,,-2.4,,-4.4,,3.2,,S,1,
"250240010",STRZY¯ÓW,"2026","01","06",-1.6,,-3.1,,-2.6,,-4.4,,3.5,,S,4,
"250240010",STRZY¯ÓW,"2026","01","07",-2.6,,-5.1,,-4.1,,-5.9,,5.5,,S,9,
"250240010",STRZY¯ÓW,"2026","01","08",-3.6,,-5.1,,-4.6,,-5.9,,11.3,,S,14,
"250240010",STRZY¯ÓW,"2026","01","09",-4.1,,-8.1,,-6.9,,-10.5,,0.4,,S,24,
"250240010",STRZY¯ÓW,"2026","01","10",-7.8,,-14.4,,-11.4,,-18.6,,0.6,,S,24,
"250240010",STRZY¯ÓW,"2026","01","11",-4.1,,-11.5,,-8.0,,-13.5,,,"8",,25,
"251160320",RADZYÑ,"2026","01","01",3.1,,-1.0,,1.9,,-1.4,,0.0,,W,1,
"251160320",RADZYÑ,"2026","01","02",4.8,,-0.6,,2.1,,-0.6,,3.0,,S,,"9"
"251160320",RADZYÑ,"2026","01","03",2.0,,-2.2,,-0.3,,-3.2,,3.2,,S,4,
"251160320",RADZYÑ,"2026","01","04",1.3,,-3.6,,-1.0,,-7.3,,1.5,,S,6,
"251160320",RADZYÑ,"2026","01","05",1.3,,-5.5,,-2.6,,-13.1,,,"9",,9,
"251160320",RADZYÑ,"2026","01","06",-1.7,,-11.3,,-6.3,,-16.6,,,"9",,7,
"251160320",RADZYÑ,"2026","01","07",-0.1,,-7.8,,-4.8,,-14.4,,,"9",,6,
"251160320",RADZYÑ,"2026","01","08",-4.6,,-11.0,,-7.8,,-15.9,,,"9",,6,
"251160320",RADZYÑ,"2026","01","09",-7.5,,-13.8,,-10.3,,-16.5,,,"9",,6,
"251160320",RADZYÑ,"2026","01","10",-5.4,,-11.9,,-8.3,,-15.1,,0.0,,W,6,
"251160320",RADZYÑ,"2026","01","11",-1.6,,-8.2,,-4.2,,-12.3,,0.0,,W,6,
"251160320",RADZYÑ,"2026","01","12",-2.5,,-12.1,,-6.9,,-18.3,,2.1,,S,6,
"251160320",RADZYÑ,"2026","01","13",0.8,,-4.5,,-1.4,,-4.6,,0.5,,W,9,
"251160320",RADZYÑ,"2026","01","14",5.7,,-0.5,,3.2,,-0.7,,1.0,,W,6,
"251160320",RADZYÑ,"2026","01","15",5.0,,-2.6,,1.2,,-4.3,,0.0,,W,2,
"251160320",RADZYÑ,"2026","01","16",5.3,,-2.1,,1.4,,-2.8,,0.0,,W,1,
"251160320",RADZYÑ,"2026","01","17",3.3,,-0.6,,1.4,,-2.4,,0.1,,W,,"9"
"251160320",RADZYÑ,"2026","01","18",3.3,,-3.1,,-0.3,,-4.6,,,"9",,,"9"
"251160320",RADZYÑ,"2026","01","19",4.5,,-4.4,,-0.3,,-7.0,,,"9",,,"9"
"251160320",RADZYÑ,"2026","01","20",4.5,,-5.6,,-1.5,,-10.3,,,"9",,,"9"
"251160320",RADZYÑ,"2026","01","21",1.1,,-9.9,,-5.5,,-12.6,,,"9",,,"9"
"251160320",RADZYÑ,"2026","01","22",2.7,,-11.3,,-5.1,,-13.8,,,"9",,,"9"
"251160320",RADZYÑ,"2026","01","23",-1.6,,-8.9,,-5.4,,-9.2,,0.0,,W,,"9"
"251160320",RADZYÑ,"2026","01","24",-2.1,,-4.8,,-3.3,,-4.8,,,"9",,0,
"251160320",RADZYÑ,"2026","01","25",-1.1,,-4.2,,-2.3,,-4.2,,5.6,,W,,"9"
"251160320",RADZYÑ,"2026","01","26",2.8,,-2.4,,0.3,,-2.7,,0.6,,S,,"9"
"251160320",RADZYÑ,"2026","01","27",0.6,,-2.5,,-0.7,,-2.8,,0.0,,W,1,
"251160320",RADZYÑ,"2026","01","28",1.3,,-3.5,,-0.8,,-5.3,,,"9",,0,
"251160320",RADZYÑ,"2026","01","29",-0.2,,-4.2,,-2.2,,-4.2,,0.0,,W,,"9"
"251160320",RADZYÑ,"2026","01","30",-1.1,,-4.5,,-2.6,,-4.5,,,"9",,0,
"251160320",RADZYÑ,"2026","01","31",-1.9,,-8.3,,-5.3,,-8.3,,,"9",,,"9"
"251190050",PUCZNIEW,"2026","01","01",4.4,,-2.3,,0.6,,-3.0,,0.8,,S,4,
"251190050",PUCZNIEW,"2026","01","02",5.3,,-0.2,,1.5,,-1.6,,0.4,,S,4,
"251190050",PUCZNIEW,"2026","01","03",1.4,,-2.4,,-0.6,,-5.0,,0.1,,S,3,
"251190050",PUCZNIEW,"2026","01","04",0.6,,-3.0,,-1.2,,-7.8,,0.0,,W,4,
"251190050",PUCZNIEW,"2026","01","05",2.2,,-6.0,,-3.5,,-10.9,,,"9",,4,
"251190050",PUCZNIEW,"2026","01","06",-1.8,,-13.4,,-9.0,,-20.1,,,"9",,4,
"251190050",PUCZNIEW,"2026","01","07",-4.0,,-10.5,,-6.9,,-16.8,,0.0,,W,4,
"251190050",PUCZNIEW,"2026","01","08",-6.0,,-9.3,,-8.0,,-9.7,,0.3,,S,4,
"251190050",PUCZNIEW,"2026","01","09",-6.7,,-11.5,,-9.7,,-12.9,,,"9",,5,
"251190050",PUCZNIEW,"2026","01","10",-4.3,,-16.1,,-10.7,,-22.5,,0.2,,S,5,
"251190050",PUCZNIEW,"2026","01","11",0.6,,-6.8,,-2.7,,-9.1,,0.6,,S,5,
"251190050",PUCZNIEW,"2026","01","12",-2.0,,-8.4,,-6.0,,-14.8,,0.1,,S,6,
"251190050",PUCZNIEW,"2026","01","13",0.5,,-8.8,,-4.9,,-14.3,,,"9",,6,
"251190050",PUCZNIEW,"2026","01","14",3.0,,-7.6,,-1.2,,-11.5,,4.5,,S,6,
"251190050",PUCZNIEW,"2026","01","15",5.6,,0.3,,1.9,,-3.9,,,"9",,5,
"251190050",PUCZNIEW,"2026","01","16",3.3,,0.3,,1.5,,-2.7,,,"9",,4,
"251190050",PUCZNIEW,"2026","01","17",3.9,,-2.1,,-0.1,,-4.2,,,"9",,,"9"
"251190050",PUCZNIEW,"2026","01","18",-0.2,,-9.0,,-6.1,,-10.5,,,"9",,,"9"
"251190050",PUCZNIEW,"2026","01","19",3.6,,-10.2,,-4.9,,-11.8,,,"9",,,"9"
"251190050",PUCZNIEW,"2026","01","20",-0.4,,-4.8,,-2.8,,-9.2,,,"9",,,"9"
"251190050",PUCZNIEW,"2026","01","21",6.8,,-5.3,,-1.0,,-9.7,,,"9",,,"9"
"251190050",PUCZNIEW,"2026","01","22",1.7,,-9.8,,-5.4,,-14.1,,,"9",,,"9"
"251190050",PUCZNIEW,"2026","01","23",-2.1,,-11.3,,-6.6,,-12.4,,0.0,,W,,"9"
"251190050",PUCZNIEW,"2026","01","24",-2.3,,-5.3,,-4.2,,-5.9,,0.1,,S,,"9"
"251190050",PUCZNIEW,"2026","01","25",-0.8,,-4.7,,-2.9,,-5.4,,0.8,,S,1,
"251190050",PUCZNIEW,"2026","01","26",5.9,,-2.4,,1.1,,-3.0,,0.9,,W,,"9"
"251190050",PUCZNIEW,"2026","01","27",2.8,,-2.2,,0.2,,-4.5,,0.5,,S,,"9"
"251190050",PUCZNIEW,"2026","01","28",1.8,,-1.1,,-0.2,,-2.5,,,"9",,1,
"251190050",PUCZNIEW,"2026","01","29",0.8,,-4.8,,-2.5,,-4.7,,,"9",,,"9"
"251190050",PUCZNIEW,"2026","01","30",-1.4,,-4.4,,-3.4,,-4.9,,,"9",,,"9"
"251190050",PUCZNIEW,"2026","01","31",-1.4,,-12.6,,-9.0,,-13.6,,0.0,,W,,"9"
"251200030",SKIERNIEWICE,"2026","01","01",1.9,,-3.2,,-0.4,,-4.9,,0.7,,S,3,
"251200030",SKIERNIEWICE,"2026","01","02",2.8,,-1.0,,0.6,,-0.6,,1.0,,S,4,
"251200030",SKIERNIEWICE,"2026","01","03",0.8,,-1.8,,-0.2,,-3.0,,0.0,,W,6,
"251200030",SKIERNIEWICE,"2026","01","04",0.7,,-3.8,,-1.6,,-6.5,,0.0,,W,6,
"251200030",SKIERNIEWICE,"2026","01","05",-1.1,,-10.0,,-5.8,,-16.0,,,"9",,5,
"251200030",SKIERNIEWICE,"2026","01","06",-3.1,,-12.2,,-8.1,,-17.1,,,"9",,5,
"251200030",SKIERNIEWICE,"2026","01","07",-5.6,,-11.7,,-8.0,,-15.0,,0.4,,S,5,
"251200030",SKIERNIEWICE,"2026","01","08",-6.1,,-11.1,,-8.6,,-11.0,,0.4,,S,6,
"251200030",SKIERNIEWICE,"2026","01","09",-7.3,,-11.7,,-9.8,,-11.1,,,"9",,7,
"251200030",SKIERNIEWICE,"2026","01","10",-4.9,,-15.7,,-10.0,,-18.0,,2.8,,S,7,
"251200030",SKIERNIEWICE,"2026","01","11",-1.5,,-6.1,,-3.2,,-6.0,,6.5,,S,13,
"251200030",SKIERNIEWICE,"2026","01","12",-1.5,,-5.4,,-3.6,,-6.5,,0.0,,W,20,
"251200030",SKIERNIEWICE,"2026","01","13",-3.8,,-13.7,,-7.5,,-18.5,,,"9",,18,
"251200030",SKIERNIEWICE,"2026","01","14",0.8,,-9.4,,-3.3,,-10.9,,9.1,,W,16,
"251200030",SKIERNIEWICE,"2026","01","15",3.2,,-3.8,,-0.2,,-7.9,,,"9",,11,
"251200030",SKIERNIEWICE,"2026","01","16",0.4,,-2.8,,-1.3,,-4.1,,,"9",,10,
"251200030",SKIERNIEWICE,"2026","01","17",-2.0,,-10.7,,-6.9,,-11.0,,,"9",,10,
"251200030",SKIERNIEWICE,"2026","01","18",-4.9,,-13.9,,-9.7,,-16.0,,,"9",,10,
"251200030",SKIERNIEWICE,"2026","01","19",-4.4,,-14.2,,-10.1,,-17.5,,,"9",,9,
"251200030",SKIERNIEWICE,"2026","01","20",0.8,,-12.7,,-6.5,,-16.0,,,"9",,9,
"251200030",SKIERNIEWICE,"2026","01","21",1.3,,-13.7,,-7.3,,-17.3,,,"9",,9,
"251200030",SKIERNIEWICE,"2026","01","22",-3.4,,-14.7,,-10.5,,-18.0,,,"9",,9,
"251200030",SKIERNIEWICE,"2026","01","23",-4.5,,-11.5,,-7.1,,-11.0,,0.0,,W,9,
"251200030",SKIERNIEWICE,"2026","01","24",-4.5,,-7.2,,-5.7,,-6.5,,0.0,,W,9,
"251200030",SKIERNIEWICE,"2026","01","25",-3.5,,-5.9,,-4.3,,-5.1,,0.3,,S,9,
"251200030",SKIERNIEWICE,"2026","01","26",1.9,,-4.6,,-0.8,,-4.0,,0.2,,W,10,
"251200030",SKIERNIEWICE,"2026","01","27",1.3,,-6.7,,-2.1,,-10.0,,3.0,,S,9,
"251200030",SKIERNIEWICE,"2026","01","28",0.2,,-3.5,,-1.3,,-6.2,,,"9",,14,
"251200030",SKIERNIEWICE,"2026","01","29",0.2,,-5.1,,-3.0,,-4.0,,,"9",,14,
"251200030",SKIERNIEWICE,"2026","01","30",-3.8,,-7.4,,-5.5,,-5.5,,,"9",,12,
"251200030",SKIERNIEWICE,"2026","01","31",-6.3,,-13.8,,-11.4,,-12.0,,,"9",,12,
"251210040",JARCZEW,"2026","01","01",0.6,,-4.4,,-1.8,,-5.0,,1.2,,S,3,
"251210040",JARCZEW,"2026","01","02",1.5,,-0.3,,0.6,,-1.4,,1.3,,S,3,
"251210040",JARCZEW,"2026","01","03",1.5,,-1.7,,-0.6,,-4.5,,0.0,,W,6,
"251210040",JARCZEW,"2026","01","04",0.3,,-3.5,,-2.3,,-9.0,,,"9",,4,
"251210040",JARCZEW,"2026","01","05",-2.5,,-8.1,,-5.6,,-13.0,,,"9",,4,
"251210040",JARCZEW,"2026","01","06",-3.2,,-8.6,,-5.6,,-10.0,,,"9",,4,
"251210040",JARCZEW,"2026","01","07",-5.0,,-9.1,,-7.8,,-15.0,,0.1,,S,4,
"251210040",JARCZEW,"2026","01","08",-5.8,,-8.9,,-7.2,,-11.4,,0.6,,S,4,
"251210040",JARCZEW,"2026","01","09",-7.0,,-9.7,,-8.9,,-12.5,,0.1,,S,4,
"251210040",JARCZEW,"2026","01","10",-8.2,,-19.0,,-13.1,,-20.0,,1.2,,S,5,
"251210040",JARCZEW,"2026","01","11",-4.6,,-10.1,,-6.5,,-12.0,,0.6,,S,9,
"251210040",JARCZEW,"2026","01","12",-4.6,,-11.6,,-8.2,,-15.9,,,"9",,10,
"251210040",JARCZEW,"2026","01","13",-6.7,,-14.1,,-10.5,,-18.8,,,"9",,10,
"251210040",JARCZEW,"2026","01","14",-5.0,,-18.0,,-9.6,,-20.0,,5.8,,S,9,
"251210040",JARCZEW,"2026","01","15",-1.5,,-6.2,,-4.1,,-6.0,,0.1,,S,10,
"251210040",JARCZEW,"2026","01","16",-3.6,,-10.6,,-7.3,,-12.3,,,"9",,9,
"251210040",JARCZEW,"2026","01","17",-3.4,,-13.7,,-8.7,,-15.6,,,"9",,9,
"251210040",JARCZEW,"2026","01","18",-6.5,,-17.5,,-12.3,,-19.0,,,"9",,9,
"251210040",JARCZEW,"2026","01","19",-6.7,,-17.4,,-12.1,,19.2,,,"9",,9,
"251210040",JARCZEW,"2026","01","20",-4.1,,-20.5,,-13.3,,-22.0,,,"9",,9,
"251210040",JARCZEW,"2026","01","21",-1.1,,-18.0,,-9.9,,-20.4,,,"9",,9,
"251210040",JARCZEW,"2026","01","22",-7.0,,-17.0,,-12.1,,-20.5,,0.6,,S,9,
"251210040",JARCZEW,"2026","01","23",-5.3,,-11.6,,-7.7,,-12.0,,0.3,,S,10,
"251210040",JARCZEW,"2026","01","24",-5.0,,-8.7,,-6.8,,-8.0,,0.0,,W,12,
"251210040",JARCZEW,"2026","01","25",-4.3,,-8.1,,-5.8,,-8.5,,0.0,,W,12,
"251210040",JARCZEW,"2026","01","26",1.5,,-6.2,,-1.6,,-6.5,,0.9,,S,12,
"251210040",JARCZEW,"2026","01","27",3.9,,-1.6,,1.1,,-2.0,,2.4,,S,11,
"251210040",JARCZEW,"2026","01","28",1.5,,-2.2,,-0.2,,-4.0,,0.5,,S,11,
"251210040",JARCZEW,"2026","01","29",0.3,,-5.5,,-3.0,,-5.0,,,"9",,10,
"251210040",JARCZEW,"2026","01","30",-3.3,,-9.7,,-6.6,,-8.8,,,"9",,10,
"251210040",JARCZEW,"2026","01","31",-8.0,,-16.5,,-13.1,,-18.8,,,"9",,10,
"252150120",GORZYÑ,"2026","01","01",5.8,,-0.9,,2.6,,-1.0,,0.3,,S,2,
"252150120",GORZYÑ,"2026","01","02",5.3,,0.6,,2.0,,0.3,,3.2,,S,,"9"
"252150120",GORZYÑ,"2026","01","03",4.3,,-2.0,,0.2,,-2.9,,1.9,,S,4,
"252150120",GORZYÑ,"2026","01","04",-0.1,,-3.8,,-1.9,,-5.4,,0.9,,S,8,
"252150120",GORZYÑ,"2026","01","05",1.3,,-3.8,,-1.4,,-8.8,,,"9",,8,
"252150120",GORZYÑ,"2026","01","06",-1.8,,-12.0,,-7.1,,-13.9,,,"9",,8,
"252150120",GORZYÑ,"2026","01","07",-0.2,,-11.5,,-8.0,,-13.4,,,"9",,8,
"252150120",GORZYÑ,"2026","01","08",1.3,,-10.2,,-6.0,,-13.4,,,"9",,8,
"252150120",GORZYÑ,"2026","01","09",-6.6,,-13.0,,-9.9,,-13.0,,,"9",,5,
"252150120",GORZYÑ,"2026","01","10",-2.6,,-10.0,,-6.2,,-10.8,,,"9",,5,
"252150120",GORZYÑ,"2026","01","11",-1.7,,-4.5,,-3.3,,-7.8,,,"9",,5,
"252150120",GORZYÑ,"2026","01","12",-2.9,,-11.0,,-6.7,,-13.1,,1.6,,S,5,
"252150120",GORZYÑ,"2026","01","13",1.8,,-4.8,,-1.8,,-5.1,,1.9,,S,5,
"252150120",GORZYÑ,"2026","01","14",7.8,,-0.5,,3.3,,1.2,,2.2,,W,1,
"252150120",GORZYÑ,"2026","01","15",3.9,,-2.5,,0.5,,-2.9,,,"9",,,"9"
"252150120",GORZYÑ,"2026","01","16",5.3,,0.0,,2.2,,-0.4,,0.4,,W,,"9"
"252150120",GORZYÑ,"2026","01","17",4.4,,0.5,,1.9,,0.5,,,"9",,,"9"
"252150120",GORZYÑ,"2026","01","18",1.3,,-2.0,,-1.0,,-3.9,,,"9",,,"9"
"252150120",GORZYÑ,"2026","01","19",2.4,,-4.2,,-1.6,,-6.5,,,"9",,,"9"
"252150120",GORZYÑ,"2026","01","20",3.7,,-5.5,,-2.4,,-8.3,,,"9",,,"9"
"252150120",GORZYÑ,"2026","01","21",2.6,,-8.5,,-4.6,,-10.4,,,"9",,,"9"
"252150120",GORZYÑ,"2026","01","22",-0.4,,-9.7,,-5.8,,-11.3,,,"9",,,"9"
"252150120",GORZYÑ,"2026","01","23",-4.1,,-9.5,,-6.9,,-9.8,,0.0,,W,,"9"
"252150120",GORZYÑ,"2026","01","24",-0.2,,-5.2,,-3.1,,-4.9,,0.1,,S,0,
"252150120",GORZYÑ,"2026","01","25",-1.7,,-3.8,,-3.1,,-5.5,,3.2,,S,0,
"252150120",GORZYÑ,"2026","01","26",3.3,,-3.1,,-0.1,,-3.4,,1.6,,S,,"9"
"252150120",GORZYÑ,"2026","01","27",4.4,,-1.5,,0.0,,-4.9,,,"9",,2,
"252150120",GORZYÑ,"2026","01","28",0.3,,-2.4,,-1.2,,-3.4,,,"9",,,"9"
"252150120",GORZYÑ,"2026","01","29",0.8,,-5.0,,-3.2,,-5.4,,,"9",,,"9"
"252150120",GORZYÑ,"2026","01","30",-1.2,,-6.0,,-4.0,,-5.9,,,"9",,,"9"
"252150120",GORZYÑ,"2026","01","31",-4.0,,-10.0,,-8.1,,-10.3,,,"9",,,"9"
"252150270",BABIMOST,"2026","01","01",2.8,,-0.5,,1.8,,,"8",0.3,,S,,"9"
"252150270",BABIMOST,"2026","01","02",3.4,,0.8,,2.0,,,"8",1.7,,S,,"9"
"252150270",BABIMOST,"2026","01","03",1.0,,-1.5,,-0.6,,,"8",2.2,,S,1,
"252150270",BABIMOST,"2026","01","04",0.3,,-5.0,,-2.0,,,"8",0.6,,S,12,
"252150270",BABIMOST,"2026","01","05",0.5,,-8.0,,-4.3,,,"8",,"9",,10,
"252150270",BABIMOST,"2026","01","06",-3.1,,-14.6,,-8.9,,,"8",0.0,,W,9,
"252150270",BABIMOST,"2026","01","07",-2.0,,-14.7,,-10.7,,,"8",0.0,,W,8,
"252150270",BABIMOST,"2026","01","08",-6.1,,-15.8,,-9.6,,,"8",,"9",,7,
"252150270",BABIMOST,"2026","01","09",-7.6,,-12.7,,-10.1,,,"8",0.0,,W,7,
"252150270",BABIMOST,"2026","01","10",-3.6,,-11.8,,-7.4,,,"8",0.0,,W,7,
"252150270",BABIMOST,"2026","01","11",-1.4,,-6.7,,-3.9,,,"8",,"9",,7,
"252150270",BABIMOST,"2026","01","12",-2.7,,-12.5,,-7.5,,,"8",1.7,,S,7,
"252150270",BABIMOST,"2026","01","13",-0.1,,-3.9,,-1.8,,,"8",1.7,,S,9,
"252150270",BABIMOST,"2026","01","14",5.3,,-0.2,,2.8,,,"8",1.4,,W,7,
"252150270",BABIMOST,"2026","01","15",4.6,,-3.0,,0.6,,,"8",0.0,,W,,"9"
"252150270",BABIMOST,"2026","01","16",4.8,,0.2,,1.6,,,"8",,"9",,,"9"
"252150270",BABIMOST,"2026","01","17",2.9,,0.2,,1.5,,,"8",,"9",,,"9"
"252150270",BABIMOST,"2026","01","18",3.4,,-2.7,,-0.4,,,"8",,"9",,,"9"
"252150270",BABIMOST,"2026","01","19",3.9,,-6.0,,-2.0,,,"8",,"9",,,"9"
"252150270",BABIMOST,"2026","01","20",3.8,,-8.6,,-4.5,,,"8",,"9",,,"9"
"252150270",BABIMOST,"2026","01","21",1.7,,-11.6,,-6.5,,,"8",,"9",,,"9"
"252150270",BABIMOST,"2026","01","22",2.6,,-10.7,,-4.9,,,"8",,"9",,,"9"
"252150270",BABIMOST,"2026","01","23",-2.4,,-8.3,,-5.8,,,"8",0.0,,W,,"9"
"252150270",BABIMOST,"2026","01","24",-2.6,,-4.6,,-3.6,,,"8",0.0,,W,,"9"
"252150270",BABIMOST,"2026","01","25",-1.8,,-3.8,,-2.7,,,"8",1.1,,W,,"9"
"252150270",BABIMOST,"2026","01","26",0.6,,-1.8,,-0.4,,,"8",2.2,,S,,"9"
"252150270",BABIMOST,"2026","01","27",0.2,,-1.6,,-0.9,,,"8",0.0,,W,2,
"252150270",BABIMOST,"2026","01","28",0.8,,-3.1,,-1.4,,,"8",,"9",,2,
"252150270",BABIMOST,"2026","01","29",-0.7,,-4.2,,-2.7,,,"8",0.0,,W,,"9"
"252150270",BABIMOST,"2026","01","30",-1.7,,-4.3,,-3.1,,,"8",0.0,,W,,"9"
"252150270",BABIMOST,"2026","01","31",-2.4,,-8.2,,-6.2,,,"8",,"9",,,"9"
"252160230",WIELICHOWO,"2026","01","01",3.1,,-2.0,,1.5,,-0.8,,0.5,,W,,"9"
"252160230",WIELICHOWO,"2026","01","02",4.1,,-1.0,,1.7,,-0.1,,1.9,,S,,"9"
"252160230",WIELICHOWO,"2026","01","03",1.7,,-1.0,,0.1,,-3.5,,1.5,,S,4,
"252160230",WIELICHOWO,"2026","01","04",0.7,,-4.9,,-1.8,,-5.0,,0.6,,S,5,
"252160230",WIELICHOWO,"2026","01","05",2.2,,-7.8,,-3.0,,-12.6,,,"9",,6,
"252160230",WIELICHOWO,"2026","01","06",-2.2,,-15.5,,-8.1,,-17.0,,,"9",,4,
"252160230",WIELICHOWO,"2026","01","07",0.7,,-6.8,,-3.9,,-11.1,,,"9",,3,
"252160230",WIELICHOWO,"2026","01","08",-4.7,,-11.5,,-8.3,,-11.7,,0.6,,S,3,
"252160230",WIELICHOWO,"2026","01","09",-5.7,,-14.5,,-10.9,,-12.0,,,"9",,4,
"252160230",WIELICHOWO,"2026","01","10",-4.6,,-14.5,,-8.9,,-15.7,,0.6,,S,4,
"252160230",WIELICHOWO,"2026","01","11",-1.2,,-6.9,,-3.4,,-9.0,,,"9",,5,
"252160230",WIELICHOWO,"2026","01","12",-1.9,,-12.3,,-7.0,,-13.4,,2.6,,S,5,
"252160230",WIELICHOWO,"2026","01","13",-0.7,,-6.3,,-2.8,,-6.0,,1.0,,S,8,
"252160230",WIELICHOWO,"2026","01","14",4.9,,-2.5,,2.2,,-2.2,,2.6,,W,6,
"252160230",WIELICHOWO,"2026","01","15",4.4,,-3.4,,0.2,,-2.2,,,"9",,,"9"
"252160230",WIELICHOWO,"2026","01","16",4.7,,-1.3,,1.6,,-1.5,,,"9",,,"9"
"252160230",WIELICHOWO,"2026","01","17",2.9,,-1.2,,0.9,,0.0,,,"9",,,"9"
"252160230",WIELICHOWO,"2026","01","18",4.2,,-3.9,,-0.6,,-4.0,,,"9",,,"9"
"252160230",WIELICHOWO,"2026","01","19",4.7,,-6.3,,-1.4,,-6.5,,,"9",,,"9"
"252160230",WIELICHOWO,"2026","01","20",4.9,,-7.0,,-2.0,,-7.8,,,"9",,,"9"
"252160230",WIELICHOWO,"2026","01","21",4.2,,-10.1,,-4.2,,-10.7,,,"9",,,"9"
"252160230",WIELICHOWO,"2026","01","22",2.9,,-9.3,,-3.7,,-10.5,,,"9",,,"9"
"252160230",WIELICHOWO,"2026","01","23",-2.1,,-10.0,,-6.1,,-8.5,,0.0,,W,,"9"
"252160230",WIELICHOWO,"2026","01","24",-2.8,,-6.3,,-4.2,,-5.2,,,"9",,,"9"
"252160230",WIELICHOWO,"2026","01","25",-1.7,,-5.8,,-3.1,,-4.0,,7.6,,W,,"9"
"252160230",WIELICHOWO,"2026","01","26",0.7,,-4.3,,-0.9,,-3.0,,0.8,,S,,"9"
"252160230",WIELICHOWO,"2026","01","27",0.5,,-3.3,,-1.1,,-3.3,,,"9",,1,
"252160230",WIELICHOWO,"2026","01","28",2.7,,-5.5,,-1.1,,-7.2,,,"9",,1,
"252160230",WIELICHOWO,"2026","01","29",-0.2,,-5.8,,-3.0,,-4.6,,,"9",,,"9"
"252160230",WIELICHOWO,"2026","01","30",-1.3,,-5.8,,-3.7,,-4.7,,,"9",,,"9"
"252160230",WIELICHOWO,"2026","01","31",-4.2,,-10.9,,-7.7,,-9.5,,,"9",,,"9"
"252180080",KO£UDA WIELKA,"2026","01","01",2.0,,-2.3,,-0.2,,-3.4,,0.5,,S,1,
"252180080",KO£UDA WIELKA,"2026","01","02",2.9,,-0.8,,1.1,,-1.0,,0.6,,S,2,
"252180080",KO£UDA WIELKA,"2026","01","03",0.8,,-1.2,,-0.6,,-4.0,,1.1,,S,3,
"252180080",KO£UDA WIELKA,"2026","01","04",-0.2,,-3.0,,-2.3,,-7.5,,0.2,,S,4,
"252180080",KO£UDA WIELKA,"2026","01","05",-0.2,,-5.5,,-3.3,,-11.8,,,"9",,4,
"252180080",KO£UDA WIELKA,"2026","01","06",-2.5,,-10.5,,-7.5,,-13.5,,,"9",,3,
"252180080",KO£UDA WIELKA,"2026","01","07",-3.5,,-9.5,,-6.1,,-10.6,,,"9",,3,
"252180080",KO£UDA WIELKA,"2026","01","08",-6.0,,-9.5,,-8.1,,-8.0,,0.1,,S,3,
"252180080",KO£UDA WIELKA,"2026","01","09",-7.8,,-11.5,,-10.3,,-13.4,,,"9",,3,
"252180080",KO£UDA WIELKA,"2026","01","10",-4.0,,-13.0,,-7.9,,-13.5,,0.0,,W,3,
"252180080",KO£UDA WIELKA,"2026","01","11",0.0,,-4.7,,-2.0,,-10.5,,,"9",,2,
"252180080",KO£UDA WIELKA,"2026","01","12",0.0,,-8.2,,-5.6,,-10.5,,,"9",,1,
"252180080",KO£UDA WIELKA,"2026","01","13",-1.3,,-8.2,,-3.7,,-8.0,,,"9",,1,
"252180080",KO£UDA WIELKA,"2026","01","14",3.0,,-4.0,,-0.4,,-3.0,,7.2,,W,1,
"252180080",KO£UDA WIELKA,"2026","01","15",2.8,,-1.0,,0.1,,-2.0,,,"9",,1,
"252180080",KO£UDA WIELKA,"2026","01","16",1.5,,-1.0,,0.2,,-1.2,,,"9",,1,
"252180080",KO£UDA WIELKA,"2026","01","17",1.0,,-5.5,,-2.3,,-12.0,,,"9",,1,
"252180080",KO£UDA WIELKA,"2026","01","18",-3.3,,-7.6,,-6.3,,-9.5,,,"9",,1,
"252180080",KO£UDA WIELKA,"2026","01","19",2.4,,-8.5,,-4.7,,-10.1,,,"9",,1,
"252180080",KO£UDA WIELKA,"2026","01","20",2.4,,-6.5,,-3.5,,-9.0,,,"9",,1,
"252180080",KO£UDA WIELKA,"2026","01","21",1.7,,-7.0,,-3.8,,-9.5,,,"9",,,"9"
"252180080",KO£UDA WIELKA,"2026","01","22",-1.5,,-9.2,,-6.9,,-11.5,,0.0,,W,,"9"
"252180080",KO£UDA WIELKA,"2026","01","23",-6.0,,-10.5,,-7.9,,-12.2,,0.3,,S,0,
"252180080",KO£UDA WIELKA,"2026","01","24",-3.5,,-6.3,,-5.5,,-7.0,,0.1,,S,0,
"252180080",KO£UDA WIELKA,"2026","01","25",-4.0,,-6.0,,-5.0,,-11.5,,0.5,,W,0,
"252180080",KO£UDA WIELKA,"2026","01","26",0.0,,-4.8,,-1.8,,-4.9,,2.0,,W,1,
"252180080",KO£UDA WIELKA,"2026","01","27",0.5,,-2.2,,-0.9,,-2.2,,0.2,,S,1,
"252180080",KO£UDA WIELKA,"2026","01","28",0.5,,-2.5,,-1.5,,-9.8,,,"9",,1,
"252180080",KO£UDA WIELKA,"2026","01","29",-2.5,,-6.4,,-5.3,,-6.0,,,"9",,1,
"252180080",KO£UDA WIELKA,"2026","01","30",-3.8,,-8.6,,-6.6,,-12.2,,,"9",,1,
"252180080",KO£UDA WIELKA,"2026","01","31",-8.4,,-12.0,,-10.5,,-13.0,,,"9",,1,
"252200120",LEGIONOWO,"2026","01","01",1.2,,-3.9,,-1.2,,-1.2,,1.1,,S,18,
"252200120",LEGIONOWO,"2026","01","02",2.2,,-0.2,,0.7,,-0.2,,1.3,,S,18,
"252200120",LEGIONOWO,"2026","01","03",0.5,,-1.5,,-0.7,,-0.4,,0.7,,S,19,
"252200120",LEGIONOWO,"2026","01","04",0.5,,-2.9,,-1.7,,-2.4,,0.1,,S,21,
"252200120",LEGIONOWO,"2026","01","05",0.4,,-6.1,,-3.9,,-3.8,,,"9",,18,
"252200120",LEGIONOWO,"2026","01","06",-5.0,,-10.6,,-8.0,,-5.5,,,"9",,16,
"252200120",LEGIONOWO,"2026","01","07",-7.5,,-11.9,,-10.5,,-14.3,,,"9",,13,
"252200120",LEGIONOWO,"2026","01","08",-6.8,,-12.7,,-9.3,,-13.8,,,"9",,11,
"252200120",LEGIONOWO,"2026","01","09",-7.5,,-11.3,,-9.9,,-12.7,,,"9",,10,
"252200120",LEGIONOWO,"2026","01","10",-5.6,,-15.3,,-10.5,,-17.6,,2.2,,S,9,
"252200120",LEGIONOWO,"2026","01","11",-3.3,,-6.0,,-4.5,,-6.8,,2.2,,S,13,
"252200120",LEGIONOWO,"2026","01","12",-3.4,,-7.5,,-5.9,,-14.2,,,"9",,17,
"252200120",LEGIONOWO,"2026","01","13",-2.9,,-10.0,,-6.6,,-12.6,,,"9",,16,
"252200120",LEGIONOWO,"2026","01","14",-2.6,,-11.9,,-6.8,,-13.8,,7.0,,S,15,
"252200120",LEGIONOWO,"2026","01","15",0.0,,-3.2,,-1.7,,-4.0,,,"9",,17,
"252200120",LEGIONOWO,"2026","01","16",-0.4,,-7.4,,-5.1,,-11.7,,,"9",,17,
"252200120",LEGIONOWO,"2026","01","17",-1.5,,-12.1,,-7.7,,-13.4,,,"9",,17,
"252200120",LEGIONOWO,"2026","01","18",-5.2,,-15.4,,-11.5,,-19.5,,,"9",,16,
"252200120",LEGIONOWO,"2026","01","19",-5.4,,-16.9,,-12.5,,-18.9,,,"9",,16,
"252200120",LEGIONOWO,"2026","01","20",-0.2,,-14.6,,-8.5,,-17.8,,,"9",,16,
"252200120",LEGIONOWO,"2026","01","21",-0.3,,-12.3,,-7.6,,-16.7,,,"9",,16,
"252200120",LEGIONOWO,"2026","01","22",-4.8,,-15.4,,-11.7,,-17.5,,0.0,,W,16,
"252200120",LEGIONOWO,"2026","01","23",-5.7,,-11.5,,-7.9,,-11.5,,0.1,,S,16,
"252200120",LEGIONOWO,"2026","01","24",-5.1,,-7.4,,-6.3,,-7.4,,0.0,,W,15,
"252200120",LEGIONOWO,"2026","01","25",-4.4,,-6.0,,-5.2,,-6.1,,0.0,,W,15,
"252200120",LEGIONOWO,"2026","01","26",0.5,,-4.9,,-2.0,,-5.7,,0.5,,W,15,
"252200120",LEGIONOWO,"2026","01","27",1.8,,-1.1,,0.1,,-3.6,,3.2,,S,15,
"252200120",LEGIONOWO,"2026","01","28",0.8,,-1.3,,-0.5,,-3.8,,,"9",,21,
"252200120",LEGIONOWO,"2026","01","29",0.0,,-5.3,,-3.7,,-5.3,,,"9",,20,
"252200120",LEGIONOWO,"2026","01","30",-4.9,,-8.0,,-6.8,,-8.2,,,"9",,20,
"252200120",LEGIONOWO,"2026","01","31",-7.9,,-14.9,,-12.3,,-16.0,,,"9",,19,
"252200230",WARSZAWA-FILTRY,"2026","01","01",1.5,,-3.2,,-0.8,,-1.5,,1.0,,S,20,
"252200230",WARSZAWA-FILTRY,"2026","01","02",2.6,,-0.2,,1.0,,-0.3,,1.1,,S,22,
"252200230",WARSZAWA-FILTRY,"2026","01","03",1.2,,-1.6,,-0.4,,-0.4,,0.9,,S,20,
"252200230",WARSZAWA-FILTRY,"2026","01","04",0.6,,-3.2,,-2.0,,-0.9,,0.0,,W,21,
"252200230",WARSZAWA-FILTRY,"2026","01","05",-1.0,,-7.4,,-5.3,,-1.4,,,"9",,20,
"252200230",WARSZAWA-FILTRY,"2026","01","06",-5.1,,-7.8,,-6.4,,-1.8,,,"9",,16,
"252200230",WARSZAWA-FILTRY,"2026","01","07",-6.3,,-10.9,,-9.3,,-2.2,,,"9",,16,
"252200230",WARSZAWA-FILTRY,"2026","01","08",-6.3,,-11.3,,-8.5,,-2.5,,0.0,,W,15,
"252200230",WARSZAWA-FILTRY,"2026","01","09",-7.4,,-10.9,,-9.4,,-2.9,,,"9",,15,
"252200230",WARSZAWA-FILTRY,"2026","01","10",-6.1,,-14.2,,-10.1,,-4.2,,3.5,,S,14,
"252200230",WARSZAWA-FILTRY,"2026","01","11",-3.2,,-6.1,,-4.5,,-1.8,,4.0,,S,18,
"252200230",WARSZAWA-FILTRY,"2026","01","12",-3.2,,-6.1,,-5.0,,-5.9,,,"9",,23,
"252200230",WARSZAWA-FILTRY,"2026","01","13",-2.1,,-8.2,,-5.5,,-11.0,,,"9",,22,
"252200230",WARSZAWA-FILTRY,"2026","01","14",-1.8,,-10.2,,-5.7,,-11.3,,7.0,,S,20,
"252200230",WARSZAWA-FILTRY,"2026","01","15",1.7,,-1.9,,0.1,,-1.9,,,"9",,23,
"252200230",WARSZAWA-FILTRY,"2026","01","16",0.2,,-5.8,,-4.1,,-7.0,,,"9",,20,
"252200230",WARSZAWA-FILTRY,"2026","01","17",-1.8,,-10.3,,-6.9,,-11.1,,,"9",,19,
"252200230",WARSZAWA-FILTRY,"2026","01","18",-5.2,,-13.3,,-10.0,,-14.4,,,"9",,17,
"252200230",WARSZAWA-FILTRY,"2026","01","19",-6.1,,-13.0,,-10.2,,-14.6,,,"9",,15,
"252200230",WARSZAWA-FILTRY,"2026","01","20",-2.3,,-13.0,,-8.2,,-17.3,,,"9",,15,
"252200230",WARSZAWA-FILTRY,"2026","01","21",-1.7,,-12.2,,-7.6,,-16.8,,,"9",,15,
"252200230",WARSZAWA-FILTRY,"2026","01","22",-2.0,,-11.2,,-8.5,,-15.2,,,"9",,15,
"252200230",WARSZAWA-FILTRY,"2026","01","23",-5.0,,-11.2,,-7.2,,-11.1,,0.0,,W,14,
"252200230",WARSZAWA-FILTRY,"2026","01","24",-4.7,,-7.2,,-6.0,,-7.2,,0.5,,S,15,
"252200230",WARSZAWA-FILTRY,"2026","01","25",-4.1,,-5.4,,-4.7,,-5.6,,,"9",,16,
"252200230",WARSZAWA-FILTRY,"2026","01","26",1.4,,-4.2,,-1.0,,-4.9,,0.0,,W,15,
"252200230",WARSZAWA-FILTRY,"2026","01","27",2.2,,-0.9,,0.6,,-4.1,,3.0,,S,15,
"252200230",WARSZAWA-FILTRY,"2026","01","28",0.7,,-0.8,,-0.1,,-1.4,,0.0,,W,18,
"252200230",WARSZAWA-FILTRY,"2026","01","29",0.4,,-4.4,,-2.8,,-4.6,,,"9",,18,
"252200230",WARSZAWA-FILTRY,"2026","01","30",-4.3,,-7.2,,-6.0,,-7.3,,,"9",,17,
"252200230",WARSZAWA-FILTRY,"2026","01","31",-7.2,,-13.6,,-11.1,,-14.4,,,"9",,17,
"252210050",PU£TUSK,"2026","01","01",1.2,,-6.6,,-2.1,,-5.4,,0.2,,W,,"8"
"252210050",PU£TUSK,"2026","01","02",2.4,,-0.1,,1.0,,-0.3,,0.1,,W,,"8"
"252210050",PU£TUSK,"2026","01","03",0.8,,-1.8,,-0.4,,-3.5,,0.4,,W,,"8"
"252210050",PU£TUSK,"2026","01","04",0.2,,-3.6,,-2.0,,-3.5,,,"9",,,"8"
"252210050",PU£TUSK,"2026","01","05",0.6,,-7.5,,-4.7,,-7.2,,,"9",,,"8"
"252210050",PU£TUSK,"2026","01","06",-5.6,,-12.4,,-9.0,,-10.0,,,"9",,,"8"
"252210050",PU£TUSK,"2026","01","07",-9.5,,-14.5,,-13.0,,-11.1,,,"9",,,"8"
"252210050",PU£TUSK,"2026","01","08",-7.1,,-15.2,,-10.0,,-11.5,,,"9",,,"8"
"252210050",PU£TUSK,"2026","01","09",-7.4,,-11.8,,-10.1,,-12.7,,,"9",,,"8"
"252210050",PU£TUSK,"2026","01","10",-5.7,,-13.8,,-9.6,,-15.3,,0.3,,W,,"8"
"252210050",PU£TUSK,"2026","01","11",-4.0,,-6.6,,-5.0,,-7.3,,0.1,,W,,"8"
"252210050",PU£TUSK,"2026","01","12",-3.6,,-10.7,,-8.4,,-13.5,,,"9",,,"8"
"252210050",PU£TUSK,"2026","01","13",-3.7,,-11.6,,-8.8,,-14.1,,,"9",,,"8"
"252210050",PU£TUSK,"2026","01","14",-5.5,,-17.0,,-10.2,,-17.2,,4.4,,W,,"8"
"252210050",PU£TUSK,"2026","01","15",-1.5,,-5.5,,-4.0,,-5.3,,,"9",,,"8"
"252210050",PU£TUSK,"2026","01","16",-2.8,,-9.3,,-7.1,,-11.5,,,"9",,,"8"
"252210050",PU£TUSK,"2026","01","17",-2.8,,-11.1,,-7.7,,-12.0,,,"9",,,"8"
"252210050",PU£TUSK,"2026","01","18",-5.8,,-14.5,,-11.1,,-16.6,,,"9",,,"8"
"252210050",PU£TUSK,"2026","01","19",-7.0,,-18.4,,-14.1,,-21.1,,,"9",,,"8"
"252210050",PU£TUSK,"2026","01","20",-1.3,,-21.0,,-12.7,,-21.8,,,"9",,,"8"
"252210050",PU£TUSK,"2026","01","21",-1.4,,-18.1,,-11.1,,-19.9,,,"9",,,"8"
"252210050",PU£TUSK,"2026","01","22",-5.2,,-18.3,,-12.5,,-19.9,,,"9",,,"8"
"252210050",PU£TUSK,"2026","01","23",-6.1,,-11.4,,-8.0,,-11.3,,,"9",,,"8"
"252210050",PU£TUSK,"2026","01","24",-5.3,,-7.7,,-6.6,,-7.5,,,"9",,,"8"
"252210050",PU£TUSK,"2026","01","25",-5.0,,-6.6,,-5.8,,-6.5,,,"9",,,"8"
"252210050",PU£TUSK,"2026","01","26",-0.1,,-5.4,,-2.5,,-5.7,,0.1,,W,,"8"
"252210050",PU£TUSK,"2026","01","27",2.0,,-0.3,,0.4,,-0.5,,0.4,,W,,"8"
"252210050",PU£TUSK,"2026","01","28",0.7,,-2.5,,-1.0,,-4.6,,,"9",,,"8"
"252210050",PU£TUSK,"2026","01","29",-0.4,,-6.0,,-4.5,,-5.7,,,"9",,,"8"
"252210050",PU£TUSK,"2026","01","30",-5.7,,-10.0,,-8.2,,-10.2,,,"9",,,"8"
"252210050",PU£TUSK,"2026","01","31",-6.9,,-15.2,,-12.5,,-16.0,,,"9",,,"8"
"252210170",WARSZAWA-OBSERWATORIUM II,"2026","01","01",1.3,,-3.4,,-1.1,,,"8",,"8",,,"8"
"252210170",WARSZAWA-OBSERWATORIUM II,"2026","01","02",2.4,,-0.2,,0.9,,,"8",,"8",,,"8"
"252210170",WARSZAWA-OBSERWATORIUM II,"2026","01","03",0.7,,-1.4,,-0.4,,,"8",,"8",,,"8"
"252210170",WARSZAWA-OBSERWATORIUM II,"2026","01","04",0.6,,-3.2,,-2.0,,,"8",,"8",,,"8"
"252210170",WARSZAWA-OBSERWATORIUM II,"2026","01","05",-1.3,,-6.5,,-5.2,,,"8",,"8",,,"8"
"252210170",WARSZAWA-OBSERWATORIUM II,"2026","01","06",-6.0,,-8.4,,-7.0,,,"8",,"8",,,"8"
"252210170",WARSZAWA-OBSERWATORIUM II,"2026","01","07",-6.3,,-10.8,,-9.3,,,"8",,"8",,,"8"
"252210170",WARSZAWA-OBSERWATORIUM II,"2026","01","08",-6.4,,-11.3,,-8.8,,,"8",,"8",,,"8"
"252210170",WARSZAWA-OBSERWATORIUM II,"2026","01","09",-7.5,,-10.6,,-9.5,,,"8",,"8",,,"8"
"252210170",WARSZAWA-OBSERWATORIUM II,"2026","01","10",-6.1,,-13.7,,-9.9,,,"8",,"8",,,"8"
"252210170",WARSZAWA-OBSERWATORIUM II,"2026","01","11",-3.2,,-6.1,,-4.4,,,"8",,"8",,,"8"
"252210170",WARSZAWA-OBSERWATORIUM II,"2026","01","12",-2.8,,-6.6,,-5.1,,,"8",,"8",,,"8"
"252210170",WARSZAWA-OBSERWATORIUM II,"2026","01","13",-3.0,,-8.8,,-6.3,,,"8",,"8",,,"8"
"252210170",WARSZAWA-OBSERWATORIUM II,"2026","01","14",-2.4,,-10.9,,-6.2,,,"8",,"8",,,"8"
"252210170",WARSZAWA-OBSERWATORIUM II,"2026","01","15",0.2,,-2.4,,-0.9,,,"8",,"8",,,"8"
"252210170",WARSZAWA-OBSERWATORIUM II,"2026","01","16",-0.4,,-6.9,,-5.1,,,"8",,"8",,,"8"
"252210170",WARSZAWA-OBSERWATORIUM II,"2026","01","17",-2.0,,-11.4,,-7.6,,,"8",,"8",,,"8"
"252210170",WARSZAWA-OBSERWATORIUM II,"2026","01","18",-5.6,,-13.9,,-10.9,,,"8",,"8",,,"8"
"252210170",WARSZAWA-OBSERWATORIUM II,"2026","01","19",-6.8,,-14.2,,-11.4,,,"8",,"8",,,"8"
"252210170",WARSZAWA-OBSERWATORIUM II,"2026","01","20",-3.6,,-14.1,,-9.8,,,"8",,"8",,,"8"
"252210170",WARSZAWA-OBSERWATORIUM II,"2026","01","21",-3.5,,-12.6,,-8.7,,,"8",,"8",,,"8"
"252210170",WARSZAWA-OBSERWATORIUM II,"2026","01","22",-2.8,,-12.7,,-9.8,,,"8",,"8",,,"8"
"252210170",WARSZAWA-OBSERWATORIUM II,"2026","01","23",-5.5,,-11.4,,-7.6,,,"8",,"8",,,"8"
"252210170",WARSZAWA-OBSERWATORIUM II,"2026","01","24",-5.0,,-7.6,,-6.3,,,"8",,"8",,,"8"
"252210170",WARSZAWA-OBSERWATORIUM II,"2026","01","25",-4.5,,-5.9,,-5.2,,,"8",,"8",,,"8"
"252210170",WARSZAWA-OBSERWATORIUM II,"2026","01","26",0.6,,-4.7,,-1.7,,,"8",,"8",,,"8"
"252210170",WARSZAWA-OBSERWATORIUM II,"2026","01","27",2.0,,-0.9,,0.2,,,"8",,"8",,,"8"
"252210170",WARSZAWA-OBSERWATORIUM II,"2026","01","28",0.3,,-1.1,,-0.5,,,"8",,"8",,,"8"
"252210170",WARSZAWA-OBSERWATORIUM II,"2026","01","29",0.0,,-4.8,,-3.2,,,"8",,"8",,,"8"
"252210170",WARSZAWA-OBSERWATORIUM II,"2026","01","30",-4.6,,-7.6,,-6.4,,,"8",,"8",,,"8"
"252210170",WARSZAWA-OBSERWATORIUM II,"2026","01","31",-7.6,,-14.2,,-11.8,,,"8",,"8",,,"8"
"252220030",SZEPIETOWO,"2026","01","01",0.8,,-18.6,,-7.3,,-25.0,,1.0,,S,4,
"252220030",SZEPIETOWO,"2026","01","02",1.8,,-1.0,,0.4,,-3.5,,0.8,,S,7,
"252220030",SZEPIETOWO,"2026","01","03",0.2,,-3.6,,-2.1,,-8.5,,0.6,,S,9,
"252220030",SZEPIETOWO,"2026","01","04",-2.2,,-6.5,,-4.2,,-11.0,,0.5,,S,10,
"252220030",SZEPIETOWO,"2026","01","05",-2.0,,-7.3,,-5.1,,-12.0,,,"9",,11,
"252220030",SZEPIETOWO,"2026","01","06",-3.0,,-7.3,,-5.5,,-11.0,,,"9",,11,
"252220030",SZEPIETOWO,"2026","01","07",-7.1,,-10.9,,-9.7,,-16.0,,,"9",,10,
"252220030",SZEPIETOWO,"2026","01","08",-7.1,,-12.4,,-8.8,,-17.0,,0.3,,S,9,
"252220030",SZEPIETOWO,"2026","01","09",-7.3,,-11.3,,-9.5,,-12.0,,1.2,,S,9,
"252220030",SZEPIETOWO,"2026","01","10",-6.6,,-11.3,,-9.3,,-15.0,,1.5,,S,11,
"252220030",SZEPIETOWO,"2026","01","11",-7.6,,-11.9,,-9.6,,-14.0,,0.6,,S,13,
"252220030",SZEPIETOWO,"2026","01","12",-9.1,,-13.8,,-11.3,,-19.0,,,"9",,13,
"252220030",SZEPIETOWO,"2026","01","13",-8.1,,-14.8,,-12.4,,-22.5,,,"9",,11,
"252220030",SZEPIETOWO,"2026","01","14",-8.5,,-15.8,,-11.1,,-24.0,,3.2,,S,10,
"252220030",SZEPIETOWO,"2026","01","15",-6.6,,-9.1,,-8.1,,-11.0,,,"9",,13,
"252220030",SZEPIETOWO,"2026","01","16",-7.5,,-13.1,,-10.9,,-15.0,,,"9",,13,
"252220030",SZEPIETOWO,"2026","01","17",-7.6,,-14.3,,-11.9,,-20.0,,,"9",,13,
"252220030",SZEPIETOWO,"2026","01","18",-10.0,,-20.1,,-15.6,,-22.5,,,"9",,13,
"252220030",SZEPIETOWO,"2026","01","19",-11.0,,-18.9,,-15.7,,-22.0,,,"9",,13,
"252220030",SZEPIETOWO,"2026","01","20",-6.1,,-18.6,,-13.6,,-25.5,,,"9",,13,
"252220030",SZEPIETOWO,"2026","01","21",-4.2,,-18.7,,-12.6,,-26.5,,,"9",,13,
"252220030",SZEPIETOWO,"2026","01","22",-8.6,,-16.7,,-13.3,,-25.5,,,"9",,13,
"252220030",SZEPIETOWO,"2026","01","23",-6.1,,-12.4,,-8.8,,-15.5,,,"9",,13,
"252220030",SZEPIETOWO,"2026","01","24",-6.1,,-9.5,,-8.1,,-12.0,,,"9",,13,
"252220030",SZEPIETOWO,"2026","01","25",-6.1,,-8.5,,-7.5,,-11.5,,0.6,,S,13,
"252220030",SZEPIETOWO,"2026","01","26",-0.7,,-8.5,,-3.9,,-10.0,,3.7,,W,13,
"252220030",SZEPIETOWO,"2026","01","27",1.3,,-1.0,,0.1,,-4.0,,1.9,,W,12,
"252220030",SZEPIETOWO,"2026","01","28",0.8,,-1.2,,-0.4,,-3.5,,0.3,,S,12,
"252220030",SZEPIETOWO,"2026","01","29",-1.0,,-6.5,,-5.0,,-10.0,,,"9",,12,
"252220030",SZEPIETOWO,"2026","01","30",-6.2,,-11.9,,-9.7,,-16.0,,,"9",,11,
"252220030",SZEPIETOWO,"2026","01","31",-9.1,,-16.2,,-13.6,,-21.5,,,"9",,11,
"253140060",GOLENIÓW,"2026","01","01",2.8,,-3.9,,1.0,,,"8",1.3,,S,,"9"
"253140060",GOLENIÓW,"2026","01","02",2.5,,0.6,,1.3,,,"8",0.5,,S,0,
"253140060",GOLENIÓW,"2026","01","03",1.2,,-4.5,,-2.4,,,"8",0.2,,S,3,
"253140060",GOLENIÓW,"2026","01","04",-1.4,,-8.2,,-4.4,,,"8",0.0,,W,3,
"253140060",GOLENIÓW,"2026","01","05",-0.6,,-11.4,,-3.9,,,"8",0.0,,W,3,
"253140060",GOLENIÓW,"2026","01","06",-1.7,,-8.4,,-5.1,,,"8",0.0,,W,2,
"253140060",GOLENIÓW,"2026","01","07",-3.8,,-7.2,,-5.7,,,"8",,"9",,2,
"253140060",GOLENIÓW,"2026","01","08",-5.6,,-10.0,,-8.5,,,"8",,"9",,2,
"253140060",GOLENIÓW,"2026","01","09",-4.8,,-11.3,,-7.8,,,"8",,"9",,2,
"253140060",GOLENIÓW,"2026","01","10",1.7,,-6.5,,-2.8,,,"8",0.2,,S,2,
"253140060",GOLENIÓW,"2026","01","11",-0.5,,-4.4,,-2.7,,,"8",,"9",,3,
"253140060",GOLENIÓW,"2026","01","12",-3.3,,-14.3,,-8.5,,,"8",0.9,,S,3,
"253140060",GOLENIÓW,"2026","01","13",-0.5,,-4.1,,-2.1,,,"8",2.1,,W,5,
"253140060",GOLENIÓW,"2026","01","14",4.5,,-0.6,,1.9,,,"8",8.4,,W,2,
"253140060",GOLENIÓW,"2026","01","15",2.2,,-4.0,,-0.5,,,"8",0.3,,W,,"9"
"253140060",GOLENIÓW,"2026","01","16",2.6,,1.4,,1.8,,,"8",,"9",,,"9"
"253140060",GOLENIÓW,"2026","01","17",2.1,,0.7,,1.4,,,"8",,"9",,,"9"
"253140060",GOLENIÓW,"2026","01","18",2.2,,-2.3,,-0.7,,,"8",,"9",,,"9"
"253140060",GOLENIÓW,"2026","01","19",2.7,,-4.7,,-1.5,,,"8",,"9",,,"9"
"253140060",GOLENIÓW,"2026","01","20",1.2,,-5.7,,-3.0,,,"8",,"9",,,"9"
"253140060",GOLENIÓW,"2026","01","21",-0.2,,-9.0,,-5.9,,,"8",,"9",,,"9"
"253140060",GOLENIÓW,"2026","01","22",-0.8,,-8.8,,-5.5,,,"8",,"9",,,"9"
"253140060",GOLENIÓW,"2026","01","23",-3.3,,-10.9,,-7.7,,,"8",,"9",,,"9"
"253140060",GOLENIÓW,"2026","01","24",-2.5,,-6.0,,-4.1,,,"8",,"9",,,"9"
"253140060",GOLENIÓW,"2026","01","25",-1.3,,-4.2,,-3.0,,,"8",1.7,,W,,"9"
"253140060",GOLENIÓW,"2026","01","26",-0.7,,-3.0,,-1.5,,,"8",4.5,,S,,"9"
"253140060",GOLENIÓW,"2026","01","27",-0.5,,-1.0,,-0.8,,,"8",0.1,,S,0,
"253140060",GOLENIÓW,"2026","01","28",-0.5,,-2.1,,-1.3,,,"8",,"9",,2,
"253140060",GOLENIÓW,"2026","01","29",-1.0,,-4.7,,-3.3,,,"8",,"9",,1,
"253140060",GOLENIÓW,"2026","01","30",-3.8,,-5.3,,-4.6,,,"8",,"9",,1,
"253140060",GOLENIÓW,"2026","01","31",-4.3,,-10.8,,-8.6,,,"8",,"9",,1,
"253170210",CHRZ¥STOWO,"2026","01","01",1.4,,-3.8,,-0.7,,-5.7,,3.7,,S,0,
"253170210",CHRZ¥STOWO,"2026","01","02",0.8,,-1.0,,0.3,,-2.1,,0.2,,S,0,
"253170210",CHRZ¥STOWO,"2026","01","03",0.9,,-2.6,,-0.9,,-4.3,,2.0,,S,0,
"253170210",CHRZ¥STOWO,"2026","01","04",-0.4,,-5.1,,-2.8,,-9.2,,0.1,,S,2,
"253170210",CHRZ¥STOWO,"2026","01","05",-1.9,,-9.6,,-4.8,,-14.0,,,"9",,2,
"253170210",CHRZ¥STOWO,"2026","01","06",-3.0,,-10.6,,-7.6,,-15.1,,,"9",,2,
"253170210",CHRZ¥STOWO,"2026","01","07",-5.4,,-11.6,,-7.2,,-16.0,,,"9",,1,
"253170210",CHRZ¥STOWO,"2026","01","08",-6.0,,-10.9,,-8.4,,-13.3,,,"9",,1,
"253170210",CHRZ¥STOWO,"2026","01","09",-7.6,,-11.5,,-9.4,,-15.0,,,"9",,1,
"253170210",CHRZ¥STOWO,"2026","01","10",-1.3,,-11.0,,-5.9,,-16.5,,,"9",,1,
"253170210",CHRZ¥STOWO,"2026","01","11",-0.5,,-4.5,,-2.1,,-8.4,,0.0,,W,1,
"253170210",CHRZ¥STOWO,"2026","01","12",-1.0,,-8.4,,-5.6,,-16.9,,,"9",,1,
"253170210",CHRZ¥STOWO,"2026","01","13",-2.6,,-7.4,,-4.5,,-10.2,,1.6,,W,1,
"253170210",CHRZ¥STOWO,"2026","01","14",2.5,,-3.9,,-0.2,,-6.2,,4.6,,W,1,
"253170210",CHRZ¥STOWO,"2026","01","15",2.3,,-0.5,,0.9,,-2.6,,,"9",,,"9"
"253170210",CHRZ¥STOWO,"2026","01","16",1.3,,0.1,,0.7,,-2.9,,,"9",,,"9"
"253170210",CHRZ¥STOWO,"2026","01","17",0.5,,-4.4,,-2.5,,-6.9,,,"9",,,"9"
"253170210",CHRZ¥STOWO,"2026","01","18",-4.1,,-8.4,,-7.0,,-11.4,,,"9",,,"9"
"253170210",CHRZ¥STOWO,"2026","01","19",-1.5,,-10.6,,-6.8,,-14.4,,,"9",,,"9"
"253170210",CHRZ¥STOWO,"2026","01","20",1.0,,-10.0,,-5.6,,-14.0,,,"9",,,"9"
"253170210",CHRZ¥STOWO,"2026","01","21",-0.1,,-10.5,,-6.4,,-14.3,,,"9",,,"9"
"253170210",CHRZ¥STOWO,"2026","01","22",-3.6,,-11.3,,-8.4,,-14.2,,,"9",,,"9"
"253170210",CHRZ¥STOWO,"2026","01","23",-6.5,,-11.8,,-8.5,,-14.0,,0.1,,S,,"9"
"253170210",CHRZ¥STOWO,"2026","01","24",-5.0,,-7.4,,-5.7,,-8.8,,,"9",,0,
"253170210",CHRZ¥STOWO,"2026","01","25",-4.5,,-6.3,,-5.1,,-8.0,,1.0,,S,,"9"
"253170210",CHRZ¥STOWO,"2026","01","26",-1.1,,-5.8,,-2.8,,-6.5,,0.0,,W,,"9"
"253170210",CHRZ¥STOWO,"2026","01","27",-0.6,,-2.4,,-1.4,,-4.3,,0.6,,S,0,
"253170210",CHRZ¥STOWO,"2026","01","28",-0.8,,-4.3,,-2.5,,-8.2,,,"9",,1,
"253170210",CHRZ¥STOWO,"2026","01","29",-1.8,,-8.0,,-6.1,,-9.1,,,"9",,1,
"253170210",CHRZ¥STOWO,"2026","01","30",-5.5,,-8.2,,-6.8,,-9.3,,,"9",,1,
"253170210",CHRZ¥STOWO,"2026","01","31",-6.5,,-13.5,,-10.7,,-15.0,,,"9",,1,
"253220330",MARIANOWO II,"2026","01","01",0.5,,-15.7,,-6.1,,-23.5,,2.6,,S,10,
"253220330",MARIANOWO II,"2026","01","02",1.6,,-0.3,,0.4,,-0.5,,0.5,,S,14,
"253220330",MARIANOWO II,"2026","01","03",0.6,,-3.8,,-1.8,,-7.1,,0.5,,S,15,
"253220330",MARIANOWO II,"2026","01","04",-0.2,,-4.7,,-2.9,,-4.8,,2.2,,S,15,
"253220330",MARIANOWO II,"2026","01","05",-1.2,,-6.2,,-4.7,,-9.5,,,"9",,18,
"253220330",MARIANOWO II,"2026","01","06",-3.9,,-9.6,,-6.2,,-12.6,,,"9",,15,
"253220330",MARIANOWO II,"2026","01","07",-6.0,,-14.0,,-11.6,,19.9,,,"9",,13,
"253220330",MARIANOWO II,"2026","01","08",-7.5,,-13.9,,-9.6,,-20.0,,,"9",,13,
"253220330",MARIANOWO II,"2026","01","09",-7.5,,-11.0,,-9.7,,-12.6,,2.6,,S,13,
"253220330",MARIANOWO II,"2026","01","10",-7.7,,-13.1,,-9.4,,-15.0,,0.9,,S,21,
"253220330",MARIANOWO II,"2026","01","11",-7.0,,-9.0,,-8.1,,-10.2,,0.6,,S,24,
"253220330",MARIANOWO II,"2026","01","12",-6.4,,-13.2,,-9.9,,-19.7,,,"9",,24,
"253220330",MARIANOWO II,"2026","01","13",-7.6,,-13.3,,-11.2,,-19.0,,,"9",,21,
"253220330",MARIANOWO II,"2026","01","14",-7.6,,-15.0,,-10.4,,-21.7,,5.1,,S,21,
"253220330",MARIANOWO II,"2026","01","15",-5.0,,-7.6,,-6.5,,-7.6,,,"9",,25,
"253220330",MARIANOWO II,"2026","01","16",-6.6,,-11.2,,-9.3,,-11.7,,,"9",,24,
"253220330",MARIANOWO II,"2026","01","17",-5.8,,-13.6,,-10.0,,-16.1,,,"9",,20,
"253220330",MARIANOWO II,"2026","01","18",-8.6,,-16.6,,-13.3,,-18.1,,,"9",,20,
"253220330",MARIANOWO II,"2026","01","19",-9.2,,-16.3,,-13.4,,-19.3,,,"9",,20,
"253220330",MARIANOWO II,"2026","01","20",-3.7,,-16.8,,-11.2,,-21.0,,,"9",,20,
"253220330",MARIANOWO II,"2026","01","21",-0.9,,-13.6,,-8.9,,-18.7,,,"9",,20,
"253220330",MARIANOWO II,"2026","01","22",-7.2,,-14.6,,-11.6,,-14.6,,,"9",,20,
"253220330",MARIANOWO II,"2026","01","23",-6.8,,-13.8,,-9.3,,-12.5,,,"9",,20,
"253220330",MARIANOWO II,"2026","01","24",-6.8,,-10.6,,-8.9,,-10.0,,,"9",,20,
"253220330",MARIANOWO II,"2026","01","25",-5.9,,-8.4,,-7.1,,-10.0,,0.2,,S,20,
"253220330",MARIANOWO II,"2026","01","26",-1.0,,-8.5,,-4.1,,-8.0,,3.1,,W,21,
"253220330",MARIANOWO II,"2026","01","27",0.8,,-1.0,,0.1,,-1.1,,0.2,,W,21,
"253220330",MARIANOWO II,"2026","01","28",1.0,,-2.9,,-1.3,,-2.8,,,"9",,21,
"253220330",MARIANOWO II,"2026","01","29",-2.9,,-7.4,,-6.1,,-7.3,,,"9",,18,
"253220330",MARIANOWO II,"2026","01","30",-6.4,,-12.2,,-10.1,,-12.9,,,"9",,17,
"253220330",MARIANOWO II,"2026","01","31",-8.3,,-17.1,,-13.6,,-18.6,,,"9",,17,
"254180090",GDAÑSK-RÊBIECHOWO,"2026","01","01",1.3,,-6.2,,-1.7,,,"8",1.1,,S,13,
"254180090",GDAÑSK-RÊBIECHOWO,"2026","01","02",1.7,,0.0,,0.9,,,"8",0.4,,S,13,
"254180090",GDAÑSK-RÊBIECHOWO,"2026","01","03",0.8,,-4.7,,-2.5,,,"8",0.9,,S,12,
"254180090",GDAÑSK-RÊBIECHOWO,"2026","01","04",-2.4,,-8.5,,-5.6,,,"8",0.2,,S,17,
"254180090",GDAÑSK-RÊBIECHOWO,"2026","01","05",-2.9,,-5.7,,-3.9,,,"8",0.0,,W,14,
"254180090",GDAÑSK-RÊBIECHOWO,"2026","01","06",-2.0,,-7.4,,-5.0,,,"8",,"9",,13,
"254180090",GDAÑSK-RÊBIECHOWO,"2026","01","07",-5.0,,-9.1,,-7.0,,,"8",0.1,,S,13,
"254180090",GDAÑSK-RÊBIECHOWO,"2026","01","08",-4.2,,-11.5,,-8.8,,,"8",0.0,,W,13,
"254180090",GDAÑSK-RÊBIECHOWO,"2026","01","09",-2.8,,-10.2,,-6.6,,,"8",0.5,,S,13,
"254180090",GDAÑSK-RÊBIECHOWO,"2026","01","10",-0.4,,-4.5,,-2.1,,,"8",12.1,,S,12,
"254180090",GDAÑSK-RÊBIECHOWO,"2026","01","11",-0.8,,-2.5,,-1.8,,,"8",6.5,,S,32,
"254180090",GDAÑSK-RÊBIECHOWO,"2026","01","12",-1.1,,-4.7,,-3.2,,,"8",0.0,,W,40,
"254180090",GDAÑSK-RÊBIECHOWO,"2026","01","13",-2.5,,-6.6,,-5.1,,,"8",0.0,,W,34,
"254180090",GDAÑSK-RÊBIECHOWO,"2026","01","14",-0.9,,-5.0,,-2.7,,,"8",5.8,,S,32,
"254180090",GDAÑSK-RÊBIECHOWO,"2026","01","15",2.5,,-1.6,,-0.1,,,"8",,"9",,26,
"254180090",GDAÑSK-RÊBIECHOWO,"2026","01","16",-0.5,,-4.4,,-2.7,,,"8",0.1,,W,26,
"254180090",GDAÑSK-RÊBIECHOWO,"2026","01","17",-2.4,,-6.4,,-5.0,,,"8",,"9",,26,
"254180090",GDAÑSK-RÊBIECHOWO,"2026","01","18",-6.3,,-11.2,,-9.5,,,"8",,"9",,26,
"254180090",GDAÑSK-RÊBIECHOWO,"2026","01","19",-3.8,,-10.2,,-7.9,,,"8",,"9",,26,
"254180090",GDAÑSK-RÊBIECHOWO,"2026","01","20",-0.7,,-10.8,,-6.6,,,"8",,"9",,26,
"254180090",GDAÑSK-RÊBIECHOWO,"2026","01","21",-3.9,,-15.9,,-11.0,,,"8",,"9",,25,
"254180090",GDAÑSK-RÊBIECHOWO,"2026","01","22",-5.5,,-15.6,,-11.0,,,"8",0.0,,W,25,
"254180090",GDAÑSK-RÊBIECHOWO,"2026","01","23",-7.5,,-14.2,,-9.7,,,"8",0.0,,W,25,
"254180090",GDAÑSK-RÊBIECHOWO,"2026","01","24",-5.8,,-7.8,,-7.0,,,"8",,"9",,25,
"254180090",GDAÑSK-RÊBIECHOWO,"2026","01","25",-5.7,,-8.1,,-6.9,,,"8",,"9",,24,
"254180090",GDAÑSK-RÊBIECHOWO,"2026","01","26",-3.0,,-6.1,,-4.1,,,"8",1.9,,S,24,
"254180090",GDAÑSK-RÊBIECHOWO,"2026","01","27",-1.1,,-3.1,,-1.8,,,"8",0.7,,S,28,
"254180090",GDAÑSK-RÊBIECHOWO,"2026","01","28",-1.1,,-3.6,,-2.7,,,"8",0.0,,W,28,
"254180090",GDAÑSK-RÊBIECHOWO,"2026","01","29",-3.5,,-7.2,,-6.2,,,"8",0.1,,S,27,
"254180090",GDAÑSK-RÊBIECHOWO,"2026","01","30",-6.4,,-13.3,,-10.2,,,"8",0.0,,W,27,
"254180090",GDAÑSK-RÊBIECHOWO,"2026","01","31",-8.1,,-15.3,,-12.3,,,"8",,"9",,27,
"254200080",LIDZBARK WARMIÑSKI,"2026","01","01",0.9,,-17.1,,-7.5,,-23.5,,3.8,,S,20,
"254200080",LIDZBARK WARMIÑSKI,"2026","01","02",1.9,,-0.7,,0.8,,-0.3,,1.4,,S,18,
"254200080",LIDZBARK WARMIÑSKI,"2026","01","03",1.4,,-4.7,,-1.7,,-5.9,,0.3,,S,16,
"254200080",LIDZBARK WARMIÑSKI,"2026","01","04",-1.1,,-5.8,,-3.0,,-6.6,,0.8,,S,17,
"254200080",LIDZBARK WARMIÑSKI,"2026","01","05",-2.1,,-5.8,,-4.0,,-6.9,,,"9",,17,
"254200080",LIDZBARK WARMIÑSKI,"2026","01","06",-2.9,,-11.8,,-7.6,,-17.0,,,"9",,17,
"254200080",LIDZBARK WARMIÑSKI,"2026","01","07",-7.1,,-13.8,,-10.9,,-20.0,,,"9",,15,
"254200080",LIDZBARK WARMIÑSKI,"2026","01","08",-8.1,,-18.0,,-11.8,,-18.5,,,"9",,15,
"254200080",LIDZBARK WARMIÑSKI,"2026","01","09",-7.1,,-16.4,,-12.6,,-20.5,,0.5,,S,14,
"254200080",LIDZBARK WARMIÑSKI,"2026","01","10",-4.6,,-14.5,,-7.9,,-19.6,,0.9,,S,15,
"254200080",LIDZBARK WARMIÑSKI,"2026","01","11",-4.1,,-7.8,,-5.6,,-12.5,,0.6,,S,18,
"254200080",LIDZBARK WARMIÑSKI,"2026","01","12",-3.1,,-10.8,,-8.2,,-17.0,,,"9",,18,
"254200080",LIDZBARK WARMIÑSKI,"2026","01","13",-5.6,,-16.9,,-11.2,,-19.5,,,"9",,18,
"254200080",LIDZBARK WARMIÑSKI,"2026","01","14",-5.6,,-12.0,,-8.3,,-19.0,,7.9,,S,17,
"254200080",LIDZBARK WARMIÑSKI,"2026","01","15",-1.1,,-7.3,,-3.8,,-6.1,,,"9",,26,
"254200080",LIDZBARK WARMIÑSKI,"2026","01","16",-2.6,,-8.3,,-6.0,,-11.5,,,"9",,25,
"254200080",LIDZBARK WARMIÑSKI,"2026","01","17",-4.1,,-11.3,,-7.6,,-11.3,,,"9",,24,
"254200080",LIDZBARK WARMIÑSKI,"2026","01","18",-5.6,,-13.8,,-9.8,,-16.0,,,"9",,24,
"254200080",LIDZBARK WARMIÑSKI,"2026","01","19",-7.1,,-13.4,,-10.6,,-19.0,,,"9",,24,
"254200080",LIDZBARK WARMIÑSKI,"2026","01","20",-1.6,,-17.4,,-8.8,,-21.0,,,"9",,24,
"254200080",LIDZBARK WARMIÑSKI,"2026","01","21",-4.6,,-19.5,,-13.2,,-22.0,,,"9",,24,
"254200080",LIDZBARK WARMIÑSKI,"2026","01","22",-8.1,,-20.0,,-13.7,,-22.0,,,"9",,24,
"254200080",LIDZBARK WARMIÑSKI,"2026","01","23",-7.1,,-13.9,,-9.4,,-14.0,,,"9",,23,
"254200080",LIDZBARK WARMIÑSKI,"2026","01","24",-6.1,,-9.8,,-8.1,,-10.0,,,"9",,23,
"254200080",LIDZBARK WARMIÑSKI,"2026","01","25",-5.6,,-10.3,,-7.2,,-8.9,,,"9",,22,
"254200080",LIDZBARK WARMIÑSKI,"2026","01","26",-2.6,,-6.8,,-4.3,,-5.8,,0.3,,W,22,
"254200080",LIDZBARK WARMIÑSKI,"2026","01","27",-1.6,,-4.2,,-2.6,,-4.9,,1.6,,S,21,
"254200080",LIDZBARK WARMIÑSKI,"2026","01","28",-1.1,,-7.3,,-4.9,,-7.4,,0.2,,S,23,
"254200080",LIDZBARK WARMIÑSKI,"2026","01","29",-6.1,,-11.3,,-9.1,,-12.0,,,"9",,23,
"254200080",LIDZBARK WARMIÑSKI,"2026","01","30",-9.1,,-14.9,,-12.3,,-16.0,,,"9",,23,
"254200080",LIDZBARK WARMIÑSKI,"2026","01","31",-11.1,,-21.0,,-16.3,,-26.5,,,"9",,23,
"254220090",OLECKO,"2026","01","01",0.0,,-16.5,,-7.5,,-21.2,,6.5,,S,12,
"254220090",OLECKO,"2026","01","02",0.9,,-0.7,,0.2,,-0.8,,1.7,,S,20,
"254220090",OLECKO,"2026","01","03",-0.1,,-4.6,,-2.6,,-6.0,,0.8,,S,20,
"254220090",OLECKO,"2026","01","04",-1.8,,-5.7,,-3.8,,-9.2,,1.5,,S,21,
"254220090",OLECKO,"2026","01","05",-3.0,,-7.1,,-5.4,,-9.2,,,"9",,25,
"254220090",OLECKO,"2026","01","06",-5.1,,-9.6,,-6.9,,-11.7,,,"9",,25,
"254220090",OLECKO,"2026","01","07",-5.3,,-14.2,,-10.6,,-17.3,,,"9",,22,
"254220090",OLECKO,"2026","01","08",-7.5,,-10.9,,-9.2,,-11.5,,,"9",,20,
"254220090",OLECKO,"2026","01","09",-7.9,,-10.9,,-9.6,,-11.0,,2.6,,S,20,
"254220090",OLECKO,"2026","01","10",-7.5,,-10.1,,-8.6,,-10.2,,0.2,,S,29,
"254220090",OLECKO,"2026","01","11",-7.2,,-12.9,,-10.3,,-13.4,,0.3,,S,29,
"254220090",OLECKO,"2026","01","12",-7.6,,-12.7,,-10.9,,-15.4,,,"9",,27,
"254220090",OLECKO,"2026","01","13",-7.0,,-12.6,,-9.6,,-14.2,,,"9",,25,
"254220090",OLECKO,"2026","01","14",-7.3,,-12.6,,-10.8,,-12.6,,2.3,,S,25,
"254220090",OLECKO,"2026","01","15",-7.0,,-11.5,,-8.6,,-11.1,,,"9",,24,
"254220090",OLECKO,"2026","01","16",-7.5,,-12.9,,-10.9,,-12.7,,,"9",,24,
"254220090",OLECKO,"2026","01","17",-5.6,,-13.4,,-10.3,,-15.1,,,"9",,24,
"254220090",OLECKO,"2026","01","18",-9.0,,-16.0,,-12.9,,-17.6,,,"9",,23,
"254220090",OLECKO,"2026","01","19",-8.8,,-16.5,,-13.5,,-18.1,,,"9",,23,
"254220090",OLECKO,"2026","01","20",-5.6,,-18.4,,-13.2,,-22.4,,,"9",,23,
"254220090",OLECKO,"2026","01","21",-8.0,,-17.8,,-13.5,,-21.4,,,"9",,24,
"254220090",OLECKO,"2026","01","22",-10.6,,-13.5,,-12.4,,-17.1,,0.1,,S,24,
"254220090",OLECKO,"2026","01","23",-7.0,,-13.6,,-9.7,,-12.9,,0.1,,S,24,
"254220090",OLECKO,"2026","01","24",-7.8,,-14.2,,-11.2,,-14.8,,,"9",,25,
"254220090",OLECKO,"2026","01","25",-6.8,,-10.1,,-8.2,,-9.8,,,"9",,24,
"254220090",OLECKO,"2026","01","26",-3.0,,-7.6,,-5.2,,-8.0,,5.0,,S,24,
"254220090",OLECKO,"2026","01","27",-0.5,,-3.7,,-1.6,,-3.6,,3.3,,S,23,
"254220090",OLECKO,"2026","01","28",-0.9,,-6.9,,-4.5,,-6.5,,,"9",,26,
"254220090",OLECKO,"2026","01","29",-6.9,,-9.9,,-8.7,,-9.8,,,"9",,26,
"254220090",OLECKO,"2026","01","30",-9.5,,-15.5,,-13.2,,-16.6,,,"9",,25,
"254220090",OLECKO,"2026","01","31",-10.2,,-17.0,,-14.5,,-19.7,,,"9",,24,
